Type,0,1,2,3,4,5,6,7,8,9
A[C>A]A,1037,2952,1141,1083,1655,808,68,2225,2297,1095
A[C>A]C,870,2439,1070,1054,1651,681,81,1671,2116,1002
A[C>A]G,711,2304,998,916,1734,599,63,1507,1820,877
A[C>A]T,858,2631,1004,993,1673,734,73,1786,2091,979
A[C>G]A,587,2303,897,799,1658,640,71,1650,1739,766
A[C>G]C,570,2295,878,816,1696,611,73,1450,1594,726
A[C>G]G,596,2340,813,824,1663,668,70,1473,1606,678
A[C>G]T,564,2396,868,779,1702,628,73,1482,1689,738
A[C>T]A,636,3384,1207,1286,1675,684,78,2297,2668,1059
A[C>T]C,602,3099,995,981,2267,716,75,1847,1995,820
A[C>T]G,554,4284,1446,1640,1622,645,69,2829,3379,1276
A[C>T]T,588,2935,1004,922,1912,676,94,1830,2023,845
A[T>A]A,661,2405,975,863,1794,651,100,1571,1745,788
A[T>A]C,570,2360,891,787,1666,632,80,1531,1698,772
A[T>A]G,700,2305,920,870,1670,623,78,1481,1764,799
A[T>A]T,585,2553,955,773,1782,705,94,1747,1684,768
A[T>C]A,657,2413,1018,819,1638,631,103,1645,1680,779
A[T>C]C,573,2329,890,788,1608,619,93,1618,1635,763
A[T>C]G,567,2446,936,835,1656,653,78,1646,1719,753
A[T>C]T,516,2416,1009,800,1680,718,103,1759,1640,713
A[T>G]A,571,2308,1082,752,1645,716,126,1736,1609,696
A[T>G]C,556,2387,863,794,1682,603,75,1541,1556,705
A[T>G]G,607,2386,881,803,1644,629,62,1433,1544,736
A[T>G]T,534,2377,949,800,1609,639,88,1647,1547,713
C[C>A]A,1424,3284,1507,1443,1671,977,72,2511,2935,1512
C[C>A]C,1422,2586,1470,1486,1713,723,64,1743,2949,1435
C[C>A]G,844,2526,1060,933,1700,655,70,1591,1998,931
C[C>A]T,1307,2896,1380,1360,1669,765,80,2019,2966,1420
C[C>G]A,667,2278,896,867,1622,555,64,1458,1757,802
C[C>G]C,587,2384,914,878,1750,635,84,1494,1649,724
C[C>G]G,609,2446,897,792,1627,636,65,1612,1583,744
C[C>G]T,683,2337,949,820,1619,590,73,1547,1733,751
C[C>T]A,730,3694,1040,956,3309,948,92,1734,1927,890
C[C>T]C,716,3701,1059,956,3576,993,76,1683,1948,946
C[C>T]G,594,4476,1424,1653,1869,732,88,2962,3531,1320
C[C>T]T,711,3770,1048,963,3517,991,92,1821,2050,887
C[T>A]A,710,2325,958,832,1721,597,101,1471,1814,834
C[T>A]C,631,2445,903,888,1633,629,73,1544,1813,797
C[T>A]G,956,2327,1087,1096,1653,585,60,1604,2183,1009
C[T>A]T,697,2302,949,900,1679,622,69,1522,1765,814
C[T>C]A,613,2371,914,825,1698,645,85,1576,1714,770
C[T>C]C,576,2400,917,798,1662,608,102,1627,1588,758
C[T>C]G,643,2357,959,862,1648,633,79,1637,1850,765
C[T>C]T,604,2465,1046,806,1729,687,120,1721,1696,704
C[T>G]A,574,2355,1031,799,1711,620,123,1676,1560,734
C[T>G]C,599,2350,942,765,1663,589,84,1578,1549,719
C[T>G]G,585,2364,917,788,1604,669,91,1631,1690,796
C[T>G]T,631,2360,1114,826,1690,756,163,1906,1641,705
G[C>A]A,884,3635,1084,1021,1679,1121,95,3006,2068,972
G[C>A]C,946,2648,1114,1072,1631,671,78,1773,2207,1021
G[C>A]G,701,2341,947,928,1607,629,78,1599,1795,849
G[C>A]T,780,3096,1033,931,1688,912,86,2396,1999,854
G[C>G]A,600,2326,882,798,1673,649,60,1488,1694,737
G[C>G]C,610,2397,909,770,1648,616,66,1478,1706,754
G[C>G]G,601,2326,904,800,1608,600,53,1434,1636,683
G[C>G]T,584,2302,907,769,1617,606,86,1496,1634,715
G[C>T]A,603,3876,1255,1440,1692,675,83,2644,3133,1166
G[C>T]C,564,4155,1384,1600,2082,738,77,2768,3421,1277
G[C>T]G,559,5125,1649,2044,1685,644,88,3374,4303,1607
G[C>T]T,630,3802,1268,1331,2180,772,88,2334,2767,1102
G[T>A]A,655,2417,937,813,1586,666,80,1579,1718,769
G[T>A]C,606,2416,819,796,1736,613,75,1508,1636,713
G[T>A]G,714,2351,949,862,1672,610,70,1521,1783,813
G[T>A]T,589,2358,944,803,1642,608,65,1566,1717,743
G[T>C]A,581,2378,912,807,1657,624,80,1571,1731,747
G[T>C]C,568,2343,914,811,1696,627,83,1540,1559,730
G[T>C]G,565,2450,922,810,1646,630,92,1573,1712,729
G[T>C]T,527,2360,898,769,1691,639,82,1639,1634,738
G[T>G]A,554,2315,920,798,1688,621,89,1595,1602,673
G[T>G]C,540,2414,848,782,1698,550,94,1579,1595,700
G[T>G]G,614,2348,852,827,1720,607,59,1561,1599,763
G[T>G]T,543,2440,886,783,1692,665,111,1614,1614,702
T[C>A]A,971,3211,1194,1083,1664,1010,87,2553,2246,1056
T[C>A]C,1069,2881,1191,1176,1666,777,73,2075,2413,1098
T[C>A]G,613,2566,917,874,1691,682,64,1612,1801,785
T[C>A]T,1008,3722,1285,1110,1672,1214,110,3263,2219,1103
T[C>G]A,591,2370,882,846,1636,634,88,1504,1682,761
T[C>G]C,609,2337,872,829,1664,589,87,1517,1648,744
T[C>G]G,587,2315,852,739,1744,617,59,1522,1606,723
T[C>G]T,596,2372,894,797,1627,594,70,1509,1665,733
T[C>T]A,575,7455,974,951,9601,2069,67,1787,1777,841
T[C>T]C,597,9281,948,890,12743,2628,88,1693,1832,816
T[C>T]G,567,4648,1093,1102,4237,1128,82,2161,2441,947
T[C>T]T,613,4731,893,894,5231,1264,93,1639,1778,802
T[T>A]A,647,2436,1084,860,1738,716,105,1794,1786,760
T[T>A]C,535,2378,839,801,1674,601,72,1510,1634,759
T[T>A]G,665,2397,990,862,1624,631,97,1641,1723,778
T[T>A]T,556,2420,944,811,1645,687,96,1695,1748,743
T[T>C]A,583,2349,911,813,1730,625,111,1583,1658,715
T[T>C]C,541,2361,904,764,1684,679,100,1604,1633,691
T[T>C]G,602,2416,941,811,1673,652,67,1599,1629,742
T[T>C]T,559,2399,1081,828,1762,700,134,1786,1668,762
T[T>G]A,617,2386,1198,790,1663,725,159,1899,1594,711
T[T>G]C,546,2360,894,788,1652,597,88,1486,1634,725
T[T>G]G,571,2225,967,793,1664,631,77,1570,1679,752
T[T>G]T,563,2395,1212,771,1630,722,169,2024,1594,709
