0.003248776675540798,0.00556238652930743,0.002867437734142727,0.0038024331263685858,0.002672243696736665,0.006295095711545719,0.006692273071291937,0.00492309173745094,0.0010411447456569207,0.003982689227177428,0.007127443297811818,0.0036134999566644448,0.002994236402781239,0.001249420122923481,0.0021866066562543644,0.005043035081094684,0.0029919087890469724,0.0003372925929742229,0.005358346806897339,0.001923837818656554,0.005506305313144504,0.0016629754181650739,0.006495532153928673,0.002587752117992662,0.003214834148036104
0.0042406293221744305,0.0014812258758301715,0.0007471631112335198,0.003857288927870213,0.008304649272503992,0.004322918791625565,0.006638686814854093,0.005273301958927291,0.004394451500188897,0.0019618755887120375,0.0012465631367889773,0.0015372065300630852,0.006623762329072732,0.005783124706581601,0.006525371315366091,0.000554355725231755,0.002008737047648256,0.0002537618801963308,0.0024339844743075227,0.0055352061887081125,0.00012793504889383484,0.005381566019426243,0.004718231228060289,0.005625460600716358,0.005019117321371369
0.00039079508905407107,0.0017059536039688618,0.006216440940077402,0.004585541815298036,0.0026618739773886456,0.004246161509486612,0.0004998272754323331,0.0053106350983638875,0.005012572195504155,0.0042580566925781,0.001794891936705172,0.003143112902001903,0.005343673123383514,0.004004245095998925,0.0026520916397194333,0.004778740343930171,0.006257967136283472,0.005832129028060866,0.0037930477366012647,0.004082014283333084,0.0021854450240315895,0.002549994361130736,0.0027467550567785272,0.003468080007567011,0.004299886793809816
0.0010015501187132848,0.005796820642691536,0.0013326942015725643,0.004527319981369569,0.0066156523512361865,0.00100712410029721,0.002831773470205995,0.001551046291590567,0.00496082856999698,0.006370724119514428,0.002338276857677898,0.004378524780673882,0.003909360208085447,0.005486144842166935,0.002863029566901054,0.00540588775933767,0.005163839218957456,0.0045526820017611725,0.0038434342782050082,0.001752298369373251,0.002012623121866663,0.002701959582039299,0.0004835721955326514,0.0051912505034195115,0.004340360860199508
0.002489986994025358,0.005768888900146239,0.002422934076486005,0.0007591445254890584,0.0021274637868463234,0.0067178506489257005,0.006567121288175985,0.002954997572945108,0.00624254916639825,0.005948678456409479,0.006321235490519991,0.007004988479287161,0.001471949520819863,0.0003721336139036067,0.0017398073349328687,0.0023319624743455497,0.004209193916401132,0.006490020325920916,0.004669481833644892,0.002450092135561737,0.005267036067900711,0.0057994772956936474,0.005095479899513818,0.005410571362374823,0.004631181570913098
0.013279937473648033,0.0035098294991610553,0.002360740056358563,0.008695020410878157,0.006870729650170952,0.004919596946938249,0.0032846521207737017,0.002357160961669884,0.00453426715853567,0.009724338659601863,0.0016314585808096449,0.003843965037508443,0.003245172264607101,0.0035419829849549964,0.0032322389819007705,0.0021122882305269495,0.004260445493543356,0.0007811823246155615,0.0054934209290430115,0.007066580685091124,0.0038972576085964704,0.008469539619555742,0.005837465613396234,0.0003414976078729172,0.005607059714313592
0.0035005742413663403,0.0019740278583995742,0.004983072109312712,0.0002320759843417307,0.007350580391640647,0.0012036026243260642,0.002639205534195804,0.0002375751347565487,0.00106904414877114,0.0019266997262416393,0.005648990123076151,0.0013748167199527433,0.002664949994329599,0.0003903321107465874,0.006589400691795625,0.006107171129447893,0.00435423139445759,0.007334115155800985,0.003959217433852817,0.00202892036910182,0.00555188414881649,0.0015432763550853302,0.007123377048832124,0.0027964460128243173,0.006292259791527738
0.005231701911350582,0.006566400404434097,0.005131704470893367,0.004732110404976018,0.006182868895843818,0.0055364404765225845,0.006446974206618719,2.8500357203394947e-05,0.002606563439113238,0.003202429449862961,0.008336163379924232,0.002744647884323971,0.007769926724810685,0.00018872582345783438,0.006954375055131142,0.0035146379293169634,0.007708462920588046,0.0018071996381881787,0.004720426335441121,0.0014875806118039728,0.0037149425239665747,0.004510147411553473,0.003196674590944087,0.0034284435134094527,0.005290934785978639
0.002580446633773281,0.005752107443416577,0.005086997254578457,0.0029254148246721902,0.0021489059750508252,0.006165002560137257,0.0027190800712375597,0.0019880154040736067,0.0020415072056324075,0.0007514607600627502,0.005742075138570153,0.00031191519439129956,0.006506687013018333,0.0055441408564641985,0.006490690646732549,0.00386078427318788,0.0023478456857164713,0.00214837532359676,0.005184720377211055,0.004977326297004619,0.005940462328455139,0.005731347106957356,0.005043408257854352,0.0011721240246965743,0.003519758922050734
0.0033880917381587283,0.0016897239153074116,0.0011886509371289477,0.0018765197409613375,0.006480901273144703,0.003647643053488475,0.0005426758790728351,0.0036554224728968733,0.005355736135343594,0.001778774376963418,0.0007337196753243316,0.0020376744548081978,0.0034632099678572107,0.001919219763531473,0.00557659264590618,0.0004823085132456167,0.00611242053051026,0.006661133767342655,0.0048814638545823,0.0054921744135088225,0.005044543730087293,0.006766689558732757,0.003099419707681801,0.0057105653642572285,0.006796822365242098
0.013041916419754176,0.009363068015828977,0.0037748270930341135,0.009679342809312581,0.0012369186624332418,0.0026312756719195233,0.0012829665310467042,0.005166422675749045,0.004479191371526272,0.004118673733491736,0.0025327362185430906,0.002349685313409994,0.0056909218270898305,0.0017829566436006374,0.006861438629723533,0.002109933518012086,0.0032351770963367447,0.0036080656403448966,0.004370015198450579,0.009236927137632056,0.00231270606249043,0.008184959562247603,0.003742926966631832,0.007490053096496894,0.0013655069794382467
0.00010306203215941975,0.001264344612536353,0.003947955869348555,0.001687973718288207,0.0031388997385646093,0.0064273032522160585,0.0020391458749049107,0.005842124238027802,0.003993619877036356,0.004457884891690981,0.006683616574567235,0.0027329238940843998,0.005556502036118241,2.9865911365533177e-05,0.006177370637639097,0.004393801449270269,0.003701787661455323,0.005934432560184197,0.0038040205294354182,0.004097085856185263,0.0008939352016857711,0.002917835465215805,0.0019477729804927217,0.007017587411805304,0.0026452462025522193
0.004844938947461347,0.0053939168569386966,0.0021586078116213434,0.002954271337109179,0.007025808568221476,0.001952896499300941,0.00487604819901439,0.005114267734564182,0.005861974492522268,0.0035809329951509384,0.0010392917248670545,0.007186638863861316,0.004376692597768737,0.005557015901687068,0.0038090008226312018,0.0019252792194230396,0.0019927716310526723,0.004229713414653819,0.0064767987373654775,0.004363719554713623,0.00249857468840511,0.004537463082142656,0.0049512120319827714,0.005661905060095938,0.001022306235240801
0.0055819334000933914,0.0025645941030975348,0.005612709951524739,0.002414990338198531,0.0006129774797298933,0.00034661705116780607,0.006164165622207109,0.007423688266503975,0.00429097912387654,0.00034328273002449993,0.003496988370724837,0.006472177336366121,0.006103263513252902,0.001478392330727199,0.007779382708507881,0.0029883719148533576,0.006608390816149881,0.002178234529437213,0.0041827383525109806,0.005344040007480069,0.0015374264637134244,0.0036432779391980916,0.0032204073328912387,0.0071183365193932206,0.0021500344947976853
0.005951551971760276,0.0015063236352665355,0.0007625613979140999,0.003908640351078223,0.0030130986678569708,0.002697493776961923,0.00794645585124707,0.008184971734957448,0.0007812891366667476,0.009192680841754588,0.005169333961943258,0.004324886359508488,0.0002887091468817866,0.0035900286428588893,0.009150431845065239,0.007382825505858694,0.005896492499757308,0.0007684433714236172,0.0016028262450838112,0.0077049267065300835,0.0009044985718240192,0.003946591718211935,0.003131814305978495,0.001584124658989731,0.0059915055114765185
0.004539604464782032,0.007874121956565101,0.0069299288685163,0.0030288985993692113,0.0012672094336535183,0.007589482934563379,0.0013189130942797402,0.002932720389091698,0.0030645866862520368,0.0024657298653583126,0.001609991621748343,0.001822944782698388,0.007477856653645085,0.0007094327846161734,0.0013577273683937825,0.005107413342346758,0.0030728294370515074,0.00047314250768917273,0.005922464000199816,0.0045066159227725175,0.004810311563618623,0.006024008515301024,0.0025238017167437668,0.0022887764056486663,0.006973002847212921
0.0033611094088767226,0.009257695529778544,0.01178994323309922,0.003021605863989496,0.0009136918521678561,0.002162897157294551,0.0075908494866785275,0.0009967697025874424,0.007158494930311984,0.0010257830188413275,0.010606751930447108,0.008801983507975397,0.009344584206221638,0.009215437912418743,0.006001553373734487,0.0021795984106816797,0.010961330989332147,0.0011865301302893623,0.00565882503440616,0.0037172576604804623,0.007909923034303218,0.002689810719471338,0.0033753658001267214,0.004616860158369987,0.0007140472022502995
0.007151201110619784,0.006211550741859648,0.0076634773916779055,1.858395957635405e-05,0.0029056095027483364,0.0010456622462942905,0.005464012535660076,0.0016838298456941171,0.005169737913882433,0.0018296479667212276,0.004204144860217188,0.0075391536353580195,5.278929266325992e-05,0.007308964658140923,0.003946769718036425,0.003984988137663526,0.0048081014187261835,0.006311441873309039,0.0028710015711584944,0.004139075383088517,0.006636442895835201,0.005373869491872,0.0003567179004192075,0.0017126804745669453,0.0025668028978610004
0.0037405106403685883,0.0004851202907316302,0.005666037555022405,0.01129806236928069,0.013376687606555767,0.009506542265541878,0.003367309383634888,0.004637331785791594,0.00902379838617616,0.004981697543680283,0.0019176657510687196,0.007165758679322086,0.00391087486599756,0.006571101148401882,0.006965451358429734,0.00026837074881916133,0.0005999979809120339,0.0024586719468177505,0.0011856694608067908,0.004368346273903633,0.00932499973935028,0.0018889256290392244,0.005485582239903845,0.001173285959889773,0.005005382586881676
0.0015364487354906867,0.003271355150295606,0.00718204224208151,0.0057126575913661005,0.004223649803142378,0.0029144082584562567,0.0007199608031783354,0.007714423416797049,0.0012558601527100238,0.005367930113686586,0.0021940145574281624,0.006557282071623442,0.004651672246115622,0.006413279000695419,0.006750021558971983,0.00031979200959870486,0.001136251634845752,0.006019664403511276,0.003700131568423506,0.004387253492341076,0.008076231051129274,0.002593139908958871,0.0057644704366404355,0.003496762313224904,0.004783261932489037
0.01080002838854485,0.00253445104050896,0.0019052237623273754,0.004026036747692745,0.0021664488255913727,0.00917992254885444,0.0021194167021942874,0.007260434156977608,0.0013688462521926595,0.007669633533506901,0.0009014644854412462,0.0027770071566632147,0.005227197730579412,0.007034520460073281,0.0006288725738283048,0.004073980264367134,0.0058403300737831275,0.0025009114630291877,0.005133553451219575,0.0069132837941272085,0.001678328011739491,0.003591171842829387,0.0018018550526985124,0.0033524957204530774,0.00501103451058722
0.0010868882831869425,0.0004280489686507807,0.0033091669133583847,0.0021459885516614107,0.0034280926060096008,0.0015309846338249556,0.00523462279452495,0.001075888769110975,0.005992790196655413,0.002113343484126211,0.0063780042920904565,0.007150379857006519,0.0005078886706902402,0.0022388881603282876,0.003107627472802458,0.0032853249369145117,0.005626490697485422,0.004481445525716294,0.0010820143531417858,0.005598392923726768,0.0064222890899171756,0.00615931971069044,0.004376362287778694,0.0009465758121822769,0.001822041578896502
0.005560079700956367,0.0018525217034218412,0.004141643061574424,0.0028108803055106367,0.004387196648133138,0.004588629730789799,0.0025705136207764493,0.0080517059366291,0.0025202768437449542,0.001714263524241835,0.0025324809933461585,0.0016578587491823604,0.006953673638336677,0.0007622977322245511,0.005191336927957122,0.006315319285196081,0.005609693204218479,0.006775023375808584,0.006831297414429973,0.006682523158394069,0.0024680691453469778,0.006358517266198808,0.00616210299200104,0.0034986929954122395,0.002003521036319442
0.010499626766676796,0.0014889995214313683,0.006418099817535946,0.009621142749333858,0.0016959606487130456,0.006077068297697077,0.0023902043263222,0.008702590055768967,0.0014303222156914718,0.006751958423094823,0.007232292792638905,9.754073583482134e-05,0.008238097695850256,0.0029532927439981727,0.006540193937891286,0.007770676097025887,0.0007527757461917509,0.0018753328332257624,0.004582971229538953,0.00020832579818938913,0.005756938028440048,0.003107715655381274,0.006170279178006708,0.005757268187027617,0.0038241524985749803
0.004077532136705712,0.004073049366579477,0.0036582966734838157,0.005163755253502104,0.00797346215513766,0.002122680317948769,0.004652572995061189,0.0008901824014521946,0.003974990466276247,0.0014033712267152215,0.005968081402806493,0.0008627019485870305,0.002740234898055888,0.0039979210868474665,0.0002726599250376488,0.004678387010424205,0.004082918656566257,0.004970484833315197,0.0007238185700408421,0.005812055557235808,0.006006162363262371,0.00225170905945385,0.004500233793131929,0.006500133315951449,0.0032266522975409953
0.0005889269020667695,0.005955176168177983,0.0049185639153009,0.0024751476863091996,0.0013523206952012876,0.002429576302715482,0.002129869476036123,0.004783606893172004,0.0006742339315596145,0.006423848004049729,0.003622185395204936,0.0050114460307354065,0.003219446317047861,0.0059601945523776,0.0025708295371938755,0.004302022009249671,0.003762125039892048,0.0034609674110230005,0.0006419800151784316,0.005087026275896996,0.005362114040368469,0.0012255550585953546,0.005680376190175909,0.004919959942561492,0.0007662604222399179
0.0017844963885027207,0.0005812021926924805,0.003403508946724009,0.006532979077216012,0.0025922988669179717,0.004368975554965404,0.003916141072954666,0.006014304162001134,0.005880825341677532,0.001217836656746772,0.005274244315017136,0.0026808980981490728,0.006764434979388825,0.0040124488965986235,0.003370691420700055,0.004256038658308346,0.004113226395668382,0.0004610695222907633,0.002275211700178993,0.00023500153589304073,0.0026575389664668598,0.002291928039111365,0.003943924054695419,0.0028634938624219064,0.005648249570731874
0.007302921891024259,0.006664145439555297,0.00029478496030701026,0.006527846016576793,0.003095278505713065,0.00243443613592516,0.0038966135593169254,0.006540204397074363,0.004391007198061427,0.0018663296575252997,0.0005148288308108843,0.006261482007894579,0.006568852581684928,0.0037404218940692404,0.0031825701980375868,0.0009445299000783269,0.006107574711563072,0.0018622093963398436,0.007269487641484528,0.004937722507504436,0.002885882071008831,0.007547870167398888,0.0030011995129487893,0.004759403996821093,0.004653761893201619
0.004991284105908544,0.0027761238143948447,0.002046465810213345,0.0023098045905097383,0.002475152383856966,0.0005141291596359707,0.004877424429457087,0.0032007029748906284,0.0028946137237229426,0.005756530906146727,0.0030961074359363424,0.0017977671692307451,0.004918615854610775,0.004872032169005149,0.0032542706567405526,0.0018313102035809217,0.006444000473392857,0.001271564920971651,0.005141538046651174,0.006441713766765795,0.0037269817054244193,0.0037056621889194966,0.005413050046143592,0.0030417924846055876,0.005762102826705154
0.0004780329875782217,0.004376457812845035,0.0023347660894415165,0.0001159473371001766,0.0008133928768312609,0.0053440277557778105,0.00012939470388255165,0.004541534748208059,0.00533653343120787,0.004831451805320818,0.009464148038077087,0.00947914013107125,0.0026495492298711444,0.007838455748755758,0.005265243735966973,0.009159829718564574,0.0038840356495960073,0.0051202559804827096,0.002035077892334098,0.007794236297866754,0.00017043522675361087,0.00648082572037146,0.002993332068971326,0.006340261283292018,0.00022965355449313385
0.0057419791143490245,0.004852996670660656,0.005940341206405585,0.001932532825092024,0.002660180645499936,0.005940226143738634,0.0023029451721924992,0.0018025860869950402,0.0002827793677391388,0.004413651493657319,0.0062370420559764075,0.004087972008535509,0.00638070690088191,0.00016176717202458517,0.0017169407668762677,0.002978704054470991,0.005907268145501434,0.005419024347755559,0.001587139827383748,0.005926915855109031,0.0032836417161399806,0.0065647233911936935,0.002707270948345689,0.0011273192063481505,0.004824719805622513
0.005933317048177651,0.00552465806021536,0.007395472116832999,0.008456599002976566,0.003554575828760051,0.005276344815396991,0.0013690211059893904,0.0010160812105108575,0.006988526886372728,0.00531738447348852,0.0017509233258330217,0.0014206144757339314,0.007890956540963202,0.007450254359468657,0.0010114054267672417,0.0018410717777895874,0.0029325557401762123,0.004091799882478009,0.006461792619385738,0.0026808777184112744,0.004547434276686988,0.00041833347905376775,0.003894327743708231,0.004163227534439274,0.003769464518545047
0.004863880431569975,0.002536120178482774,0.0023363858202013785,0.0076657188831082,0.00032004014084592537,0.002380465618006371,0.0016682518948181804,0.0013254883235021108,0.005923148060630626,0.0034782798938628456,0.0035773455730789484,0.006455860625332325,0.0073730962960151265,0.005285797035885125,0.007468757657050906,0.003778708377254025,0.000535883043702602,0.003959580291897011,0.006525066139823059,0.0023702011474235046,0.00012200091242667626,0.002583040553514264,0.0066583183143211055,0.007583860114518331,0.0009963306581435253
0.002089512058284274,0.0036602550637911497,0.005587711041913453,7.233499532722354e-05,0.0005477920408307107,0.0023846521583605856,0.004310957470019454,0.007298660704342094,0.00517828904021346,0.00503133033395624,0.0020034524834450593,0.007931550961741364,0.0038667869337243015,0.0040336141394173635,0.0062900423039883085,0.0019003834682684959,0.002917607293860042,0.008196559861990716,0.005421222512983226,0.0005444957928147152,0.0007064072355096126,0.007505621894603035,0.0013105527748111672,0.005015208621693651,0.00402684214071024
0.0002564987399625903,0.010150114074063082,0.0008295492051966818,0.006957172165503573,0.004414998956671887,0.003319284184479271,0.004270633165072727,0.0007475997556717766,0.00371548893242922,0.0052081977635295785,0.009683116370584874,0.006290373224043673,0.0008036793411360385,0.0010781313226658016,0.006129522364974941,0.0009156680667777987,0.0004915722900468678,0.0058797122959467945,0.009153747510559324,0.00918060638513262,0.0045203685730867485,0.004179510909232502,0.003226000644263711,0.006204772736845822,0.00961463774651068
0.0005147231403926718,0.00541653421841149,0.008232966604772957,0.0027469829248200654,0.005929478224288852,0.005416672139415654,0.0015027082901780987,0.005283596752188571,0.00436866619707447,0.002451526003855252,0.004008101262224972,0.0005388023278860523,0.005692221429736116,0.006986160903454147,0.0063732184230022755,0.006732231041837624,0.006493532418183305,0.0016772219758385933,0.0010295713763601828,0.006867473203174141,0.0005591896712266762,0.008229906157457367,0.0037819791470820505,0.0031848392928556343,0.001682537297552328
0.004383901733712643,0.0003768038872863991,0.0046038463661601265,0.006075801808045077,0.00571401559467273,0.005190357889524901,0.011933090660308922,0.0018220862820777191,0.005452695339570374,0.012189604143395281,0.0031601248886657363,0.0006439697209387476,0.0028236351535393354,0.0059027920097829735,0.003152029265087849,0.005556581461601765,0.006186592424088134,0.0017374021104077837,0.009588400128107634,0.0019715802050079053,0.008981226207597259,0.0019668967628818403,0.008859403531311172,0.004369285674565295,0.001269479922817782
0.0004937253364013177,0.005503159322978796,0.001578074500333779,0.0011194687825495753,0.00528287175912374,0.00584090378813893,0.0016210660108505765,0.0018563393978827043,0.0007529849212264006,0.0050527132468432025,0.004514672812179181,0.006418276929259884,0.0013735095310746762,0.004948241876201516,0.0038898875815293866,0.0007834446220282737,0.0046380602173956825,0.0013324302515266982,0.003408716864004341,0.0054305402692991864,0.0016731227868567009,0.005155032447011763,0.006584025096754239,0.0006128614395342122,0.006082191763497485
0.003241481492195515,0.0050991575864497525,0.00362173148934473,0.009617674809995863,0.0005441588159811346,0.007690535917680883,0.0004637330501159603,0.009850168287515348,0.0016960941428195394,0.006012322244970165,0.003538245808448997,0.002304921836396573,0.004724730879442503,0.008345417768193721,0.002399337452659945,0.0007647434234698566,0.008774528145558076,0.009566900374713572,0.005083834313751306,0.008146066128050874,0.005563062219585295,0.001927187874305563,0.00705118439112134,0.002259349382716527,0.0032770209958490433
0.010860541606482157,0.005659928364724144,0.005163073543723506,0.0065218172144936555,0.0025074910035591197,0.0019343033330589707,0.0006187720442824409,0.005752273359984924,0.0022254338434733816,0.0040300426287619255,0.0002648508084382679,0.005785500641326947,0.00504445371537548,0.0007651708005144323,0.0071142802290504945,0.006711520463046524,0.006534085015116478,0.0065093978230853855,0.0035968139979178347,0.009036190155796504,0.005763138156281123,0.002431270946597762,0.0032901082405128513,0.009119818189996508,0.004153686205311949
0.0035593406140844723,0.006301164689825138,0.00500588731339018,0.004129361310242976,0.004614999156414015,0.0058269907204924806,0.002042732051152061,1.3327814568725839e-05,0.004104518748971901,0.0015522368745029965,0.003298161615021042,0.0007178668228347549,0.005521445788692156,0.0022005122058136803,0.0027424490538040906,0.005855899789979997,0.004688374934005532,0.006344262503535459,0.0037649089556132873,0.0045598185508292045,0.006227961253172342,0.00011304997125967438,0.006917186437746323,0.002975892000103422,0.002548569091787216
0.00861643317919478,0.0012568645775303873,0.0041781646671800714,0.003243138257884741,0.012276240890707057,0.0038929275374660964,0.00019714937663218587,0.008113621669188609,0.0069981382616332065,0.004483756587998657,0.0037795779656916483,0.0017955683141405317,0.0028191308652287103,0.0038139328731063645,0.004778273554294923,0.008047931748814033,0.008266320533277962,0.005542462823080782,0.009219114355093982,0.0031131293135681563,0.005423576015580922,0.004582475893727127,0.004697673634669036,0.008258815835033998,0.006833258308673134
0.004833619636225227,0.006255844202230548,0.004938048066828275,0.0074207293928092435,0.0011710603117898832,0.004363944363281019,0.003367326236302648,0.005749533779010164,0.00460917171610824,0.003055211141031258,0.00668556180221378,0.000935128031478339,0.003007407808380684,0.00784901852998285,0.001062467805693135,0.0021167649257534385,0.004532476591787229,0.004998733348580982,0.003757669753530202,0.004044706955828013,0.00127370693855848,0.0032583522902536396,0.002050464607555605,0.0035311703094647235,0.00172442239761931
0.020761583494036857,0.016740527156538135,0.018029055644018636,0.015262678864281521,0.0038505859544457604,0.01605714096228655,0.002865598624746105,0.007549824347731769,0.014926093473149413,0.0031332677406068063,0.006102569824549542,0.0009469342216018297,0.007307663682161782,0.0021972615419366148,0.005963874969380095,0.009226205837820016,0.013039266919144879,0.013163725142688992,0.0005371912490963932,0.001547002098384099,0.000777372254176617,0.009207133366114619,0.0012137871959365337,0.0006263385989517827,0.0014247432716849888
0.005962987343138334,0.002231608312819434,0.0011198137533297303,0.008206804087841798,0.0028387191318608495,0.005234692053054662,0.007608367007245601,0.008366635826016917,0.004833753937577251,0.004961027865051574,0.008258885914004553,0.005736786130515309,0.0009806835135056599,0.0024250136309302895,0.003095508385576549,0.0019449982634921644,0.0006954299227843421,0.003252859466711898,0.002948577474654675,0.004780456643148861,0.0015706690736106228,0.007128890292161206,0.00045887060455268683,0.00048018565479777866,0.0071241095684329145
0.005836295625837412,0.0045554719947854105,0.0033386318153696116,0.007956620525070552,0.0030922674289841764,0.0012053092800177001,0.007455705189402895,0.007437296680309476,0.003673351625076058,0.0030627829991420525,0.004189629585511326,0.0002470002405039564,0.0012208491446492583,0.007423325940093483,0.005816488847300675,0.002684799529369126,0.0014443448479637606,0.0018769159273828028,0.0012627068706194291,0.0006508921319108245,0.006003520410071023,0.004498213549058908,0.0029099623173766487,0.007444309770910954,0.003484893270769447
0.00331885360956315,0.003932558842619546,0.007511279664236049,0.005516904108842656,0.008776007017047737,0.003215599629976288,0.0013260308306092383,0.001676060452923383,0.0007056812341559658,0.002979044873024594,0.0038799570585881624,0.0071151240781336,0.001230672080226105,0.0014324183289991799,0.0021421590027698883,0.007100446635249986,0.0006899727044659016,0.0014931221242181208,0.004708819335577092,0.002828901358417603,0.003930272402687908,0.004951006176141524,0.0065069322955253065,0.0066883337342871114,0.007291444297447291
0.006044147905198392,0.012896319323890345,0.013041675044844254,0.003549127291393169,0.0038227882954296683,0.007823442732760486,0.010217280098675613,0.004106465069510077,0.005535954345091943,0.012004983117311586,0.0019765693505042776,0.002440226580936316,0.01115816361099482,0.007065692880146588,0.00034282124845167963,0.0034241845218237806,0.007300476580373425,0.004132405701889762,0.0043364705271877,0.004484470873364413,0.000996022356040031,0.0003955278777115476,0.006657854396873793,0.009946039124077231,0.0006020085453909097
0.0037308252145640884,0.0028170479445231325,0.006399804081327782,0.008994543748596956,0.003867503272885781,0.002929192762555283,0.00545877432862358,0.007283413062546499,0.0005635273050776083,0.00430820562940001,0.003891922061338587,0.003324934315443072,0.0035408953349392322,0.0007706360548072952,0.004936109538367175,0.0066388277431742694,0.004421623201078303,0.0032887252051477934,0.007464479258876677,0.005192914573003925,0.008702318541472836,0.005385851765752853,0.0015684739732633225,0.003957623850687158,0.002121140766026179
0.00336828762250293,0.00019479181173232,0.0031131321747441478,0.004221530132192564,6.630525266635016e-06,0.007123246818592411,0.0017026385847956538,0.004873801976659688,0.002691665687108695,0.000624589671946883,0.004034155518817068,0.001626594100491473,0.002505580806912029,0.0030522526568752192,0.0013437454469578218,0.003826998864428711,0.0062693463260209865,0.0069766658051873725,0.005663127924267958,8.062185987632322e-05,0.007164553201929371,0.001215633995519741,0.0021354796976923614,0.0013560922907596437,0.003400562985488556
0.0002116586627604701,0.0032583453458131764,0.004742958260762949,0.0037017255525449394,0.009051508696590252,0.0047269361224256965,0.0030327935220167794,0.0032081544893475364,0.0015349607909537618,0.006476764093014099,0.0017861018587811911,0.0011312053674492196,0.004935446839630108,0.0039431951472587,0.0020624908179565204,0.005268164660684618,0.0026257566557240718,0.002832683953291345,5.259067969504987e-05,0.00017038035809264685,0.0013713234644347466,0.006058296809527278,0.0025117915841608887,0.003483457740320187,0.0011986103482176799
0.0032451368655243306,0.004971753126763449,0.0027177151692165985,0.0028347689986430464,0.0012926867148132584,0.0091240272540208,0.0023794828307845154,0.0022287586772266788,0.003067171584471136,0.006632493284026491,0.009317503240815045,0.0009887536482168387,0.004894898311702518,0.0022856864886819095,0.001426940169590016,0.004709983963291449,0.0013745586728914345,0.006246864133860064,0.007553070373470301,0.001514752220839217,0.0010486064664802014,0.004792645910463947,0.005925776915083063,0.005785024938898981,0.0031054433142018918
0.003975197085341636,0.002524430398178847,0.0028422362717634045,0.004819493295963781,0.0028164207718147987,0.004948578647406827,0.00234779948064836,0.0034563735678261455,0.0007435058132810488,0.0009742721235646143,0.0027146139072497964,0.003190258391246911,0.004038919402290099,0.0016378925261604127,0.004848639517932123,0.00029931015491066145,0.003540017820297827,0.005856342195163766,0.003971861043599835,0.005472218142019058,0.0006794120857744855,0.0013595231833171133,0.0037375435607115448,0.0057024856238837495,0.005913134782292862
0.0001874433681171784,0.006169952194561209,0.002296306076402347,0.0034840413834685306,0.0025111297393695447,0.0011865247214540916,0.0057718919559086096,0.006061261769367256,0.00507036518948869,0.006583213445782024,0.0025951999413604695,0.0053211117391104784,0.00603014929593307,0.002166145072563131,0.004849457431145403,0.003265849190355684,0.002562899138848019,0.006168460966802769,0.0029440707169493237,0.0030576231717228384,0.004113897804590849,0.004898676714421537,0.004998091821634714,0.003551148473854071,0.0056354029205740236
0.00548956631354542,0.005856049462252487,0.0020659060549795597,0.006524550603513126,0.0003109997365680074,0.0026927275370966586,0.004513785907233907,0.001722256449036876,0.0049938283673737534,0.0038302983785078004,0.0005451847396878422,0.002524660683057647,0.0009121709475458043,0.004506072725402675,0.00542327587446311,0.0055751875508237795,0.0015826426297259558,0.005712978921443107,0.00018668588160596655,0.0007943912429579659,0.0018434305770073673,0.0038973456237618507,0.0042487331286772305,0.001453625507018165,0.002242409586116166
0.0018414287055187892,0.001419091203692296,0.003174926192803595,0.0022508184687242048,0.003893351712623001,0.005300162324913501,0.008324646963953772,0.00629025967091914,0.005945358860476959,0.004153422811662359,0.0033514829143360338,0.003623202958422847,0.0007704607394403741,0.007843372829929779,0.004848185024218814,0.009008865175999073,0.0007709981878399304,0.0022029835062170734,0.0053986256827397005,0.0015786801126929564,0.00018739304263414,0.0049399572600935075,0.0015081214970155338,0.008880482250093935,0.0021848463243152663
0.005259138842297329,0.006901456701037982,0.008590129462956696,0.00016299007638298247,0.004781903543133378,0.000671371843598626,0.007153344457938722,0.006973204840447683,0.007541995823349416,0.0015935582567481931,0.000901061100778277,0.0058706147917969706,0.004986506274677568,0.004569110582044121,0.0014973107564028414,0.004219250200978983,0.0055742741593807895,0.002318145916457794,0.007619523034109717,0.0021631578255418673,0.0035144419355706193,0.008060450982796303,0.007569131035497784,0.0018920897699660783,9.001546898046535e-05
0.0018001492531786137,0.008422878936426771,0.006015117648317723,0.0045118033978492214,0.004696613638158264,0.009301110109406976,0.008973450993249137,0.006921192372987393,0.0008307332770458765,0.004509698324628813,0.009131991474362515,0.00868311906507677,0.0029545687746808822,0.0018334422614620328,0.008294524812921042,0.0007823124072489167,0.007024929841608367,0.005020501499157257,0.006883111721035969,0.008511567776514382,0.002379318813774719,0.010089289005688269,0.0013749002105277826,0.004929639631242064,0.002604017722818486
0.0043762007193753035,0.0038926698926019616,0.0064426137971380065,0.003198164160602194,0.0008802212866352408,0.0027930958415412813,0.0017341329666916228,0.0022314176183227835,0.001097804179843328,0.0022853253499060186,0.005215707208389683,0.006297874847596058,0.003682863598826655,0.004735796350145409,0.004378500276978715,0.0005770912791806229,0.004871657501413428,0.0014563537870905237,0.004514379837137823,0.0021799343473397795,0.006167866059151262,0.005281500311151582,0.004088641574372238,0.006419195669479643,0.00018642553638352241
0.005095794372620427,0.0050510868149694745,0.004629393185360046,0.0014229859775397183,0.006903870888820412,0.003529812312636021,0.004665328099439247,0.004024457388378388,0.006811415876120805,0.0055777263253226645,0.006456615219800487,0.0029478855295131928,0.00019285582096452037,0.006327767015965489,0.006727757330344466,0.0016408657971427939,0.005906700614458956,0.005412174685087346,0.004832639192580057,0.001545054487481746,0.0026353711885483623,0.0005153467205793655,0.006750623445191508,0.0006788149419628478,0.0027272130387687933
0.00840993205609802,0.006858600502305833,0.012314409538149326,0.01004813975709913,0.0039959856939496725,0.008111102204176802,0.00023349421806051436,0.0076594808599487665,0.009620472919578541,0.0022946798122770833,0.0009303041001533639,0.004528592557744198,0.00513429188774483,0.005328691666062223,0.005820755209887137,0.011627336082290388,0.00434432875149511,0.0010086109041343057,0.00714554381501742,0.0006231308874452584,0.005545385055218129,0.008183968253293726,0.0008158897604775834,0.0050170896434365946,0.001972382351434864
0.00208634612693424,0.005678938571644147,0.0018583514510321778,0.004216501281396892,0.0006578397061176872,0.006618283634465282,0.0027491292018300495,0.0034179248801017546,0.0020667345766766476,0.0059732297299179005,0.005975169380206143,0.006723982412029608,0.005254592934149225,0.004788249115380375,0.001379639256867249,0.0074236744787176115,0.0025563250573604895,0.0017238053555800905,0.0020375029676635245,0.0052595658911327135,0.0041609337320060065,0.005384482731888358,0.0019029291060831401,0.006287507229560328,0.0027078098551574286
0.006449340732259746,0.0007332953282347205,0.0017451801405027603,0.00649916599173639,0.0028427122269131374,0.0006623441468803802,0.003803245166246032,0.0025153302116882725,0.004476837537543076,0.00226540893754621,0.0033449268210840647,0.0042188419773341625,0.006095083762250041,0.00654964054772756,0.0008000715591933403,0.005373647045614491,0.004770958425662172,0.004891342096314007,0.0015378381189337905,0.0010926178577106516,0.0013527317370742884,0.002902858068080731,0.0004415764673795766,0.0065764817787029965,0.003655231929759795
0.00459357435603346,0.0057422892216577055,0.004535958002387487,0.006349559373655664,0.003685204791877789,0.005466398539392648,0.003165697717879208,0.0025498046084905337,0.0030122743673517663,0.00529158586619731,0.004202658143769272,3.7780150749577136e-05,0.00021188440289322637,0.0026025445062395776,0.001295627149299814,0.0019700107087614735,0.005389045105328243,0.006459074641685635,0.00430717270131825,0.0005853377804540016,0.003748561686890358,0.00237983092713455,0.0030091935176397295,0.00435613341321198,0.005334422014802107
0.0051988171887517335,0.004470225916200436,0.0033922839653099555,0.0028754646567920716,0.006535150935139922,0.007113785233869798,0.0035955135577041965,0.004314606498022931,0.003961057869235742,0.005136098602524703,0.005588587753645617,0.0056632897069041925,0.005778689875428464,0.006278463138705039,0.007462208209940478,0.006345518772577013,0.005551746080462644,0.0029836078844747206,0.0037215059449854926,0.004308412005226023,0.007188048849468059,0.004012169176615725,0.002776984786947767,0.007398241031485096,0.004420859660868369
0.007152851322980202,0.0013685496304049762,0.0047686749722029445,0.001233096567148068,0.0013942070109994327,0.00682432577312141,0.006016416139568287,0.003112221229892593,0.004713410658389491,0.0070422590824739464,0.0014247781455165396,0.0038759460535704145,0.0012271960925647341,0.0019057457614552777,0.007740229301220704,0.005584847053715498,0.004734801742661178,0.0011102109025725264,0.002530804385728442,0.0047229624098455835,0.005656361441664114,0.005602720573497812,0.005216185584015059,0.005630813485607806,0.00434293186149047
0.007999544316774134,0.00432774556304115,0.007343729121320809,0.006508048766509064,0.005917722689723775,0.0008188451088039086,0.00016963421395549118,0.005322024547049718,0.0053180492376649876,0.0075044467450155,0.006796085172662907,0.00590477058644893,0.00223600357362238,0.00498283925904909,0.007534027389093502,0.002903499287125072,0.0006127033772946758,0.005369522736815712,0.0009595072146835296,0.006514360634526919,0.0016365343002630486,0.004201756914330943,0.003011897551964469,0.003274679596140925,0.006009635393282176
0.005426286478969209,0.006472232783711561,0.009559707117791222,0.003539378268930313,0.0003935028350940167,0.004464887390210142,0.006392629469181454,0.004314602451358827,0.00875472755211196,0.006899700087622741,0.008307289141319719,0.010139746106853535,0.009695831683289238,0.0020507227884017875,0.005120296391627758,0.0031157453223286994,0.0019039057841030106,0.006336019248469813,0.00326075092967888,0.005460128170509212,6.932306758810794e-05,0.0003209162111182903,0.0005441326084532213,0.0029194911824987416,0.009054305807096869
0.004301136746501122,0.0028123148595182107,0.0007540661556913247,0.00035450993622075286,0.001028241944565417,0.0017086969405306174,0.008534954403633341,0.0011790519592201347,0.00621567995908032,0.0016476380348215654,0.005352355273945709,0.004437956823726942,0.005494154995070079,0.004778510475442733,0.004139896225393834,0.0023019339538863925,0.0033372736877026682,0.005438988906825008,0.004493653036000062,0.006505894888941342,0.003041036903919679,0.001547776998720721,0.008584904434729696,0.0035873193141206434,0.006065135844585734
0.0024567321940299944,0.007574596067720025,0.0001690016472020782,0.004194187938163133,0.0033842974371318295,0.00672629992127379,3.326744799720801e-05,0.0006765316857590031,0.0029782410724600267,0.0008481399125225906,0.005526344943798285,0.008204927795862434,0.005856880792546841,0.00881829798251407,0.00044860897076753664,0.0019266012795456477,0.003432925407975771,0.008497888768466624,0.007781391021053748,0.005386663218573678,0.0043367294856168,0.003368489853521279,0.007337024978436709,0.0031917828048527988,0.008637664184537193
0.007394899136769166,0.0018359998830900937,0.000710791947672118,0.0067257355897555725,0.0011482057357555362,0.008796565692418015,0.01005649329380721,0.00428456446620892,0.0040617813061841765,0.009611477319535044,0.008731245102761414,0.008354824232808694,0.00212511548310002,0.001474820476922192,0.008038516262036504,0.007336400505715651,0.006450477945899424,0.004734997951866742,0.0021384080988410695,0.005936557192564409,0.009728509638161636,0.005064376260998424,0.000664393736733077,0.005778284974461674,0.0011964106060756094
0.008737203003661721,0.00674771904704707,0.0033458392490135734,0.002757851761335793,0.0072029247329786494,0.002765019545073673,0.00465206863574375,0.004201292813764769,0.007096412079342535,0.007741958422110796,0.001958513084133192,0.006867585620911685,0.002418150324021897,0.0016862948626184834,0.0009641492329895175,0.004069768082031662,0.001317310939528288,0.006564397960408487,0.004101173027670186,0.007139783909305127,0.0035319038593111993,0.003124569092919866,0.0032260205369158616,0.0067980468193867384,0.005163520574667036
0.0051877819820612455,0.003956053311186985,0.005566230063173884,0.0003859698421932119,0.003687357988396636,0.0003967468051654655,0.006130393958068139,0.004874343388083066,0.002697939665459093,0.004382625321603659,0.0033063286425648836,0.0024113631275709496,0.002603847388317463,0.005584279838448959,0.0006267270762986702,0.004559532494464279,0.004174679532121417,0.0007630261206066765,0.004887352563959195,0.003177033496615721,0.005861539252370192,0.0009525843624931564,0.0029008945468657725,7.82751745555562e-05,0.005605425933997801
0.007519657575260532,0.0005550610783967028,0.0030260014970659535,0.0017351845482643001,0.005913045945359301,0.004801398042412691,0.000710857424344632,0.006997937400529967,0.006552090285292392,0.006381022150753905,0.0015687291461659006,0.005206577509092349,0.006655706715857396,0.0024140972306118517,0.00425927397414703,0.003203253327613481,0.003449721026154738,0.004163951654450048,0.004209757660556598,0.0018150435102827882,0.005588506903879025,0.006973380885187247,0.0007823421985204964,0.0030866043667224455,0.0035162061430265316
0.009361323809502548,0.0018709687988941058,0.003206478200921589,0.005024519013330711,0.009797767946531765,0.0023916615379296264,0.0032639946080785707,0.0058722455579352404,0.00022917120005141293,0.003353466743516442,0.0006712779414552061,0.0011117485731197074,0.0001443301337563381,0.0011039374316644474,0.0026077290258919575,0.005759290791612096,0.0028618005520524028,0.001686404883949031,0.005707163121701898,0.005103352209473879,0.0040506863866516096,0.004275724511427024,0.0007853505000104577,0.003781451761896277,0.0061948194881348
0.006664770005958719,0.002319658479059491,0.0045875483418976425,0.004759328677799671,0.00022026691085750026,0.003439809261399141,0.006199689869114922,2.911259037077258e-05,0.0007853476397237932,0.00324045279816227,0.0006984306989852377,0.0021111851973515017,0.0016969341602034202,0.0019833909314298593,0.0048066240859656615,0.0037861983155083163,0.0036452752750018805,0.0016545745256222766,0.0019441063017209144,0.00601290760708841,0.005930602145260977,0.0014197879707182727,0.002537025015425444,0.005680511662315726,0.0001768298496026773
0.0023754958721220157,0.0061310522453789556,0.005147507027301399,0.009413454043154036,0.009903588703134842,4.561133744058229e-05,0.005264073996160411,0.008334994859793422,0.006654162504314054,0.0014412605859756519,0.004957602230797992,0.0036904827431192516,0.00901112479657889,0.00915690524845864,0.0045922778230670066,0.0022002963289967812,0.008187891397700328,0.002675475622418343,0.004792381359885309,0.0025749809501918507,0.005768107288834338,0.002838950762316536,0.0069820524079375655,0.003643437980577883,0.006560301945927528
0.004568761057223357,0.0021757337660531693,0.006435107344946997,0.005113074153197067,0.0008457739022543335,0.0004977527070397874,0.007891398466360715,0.0022270624708296514,0.006587701354479663,0.0034549254147338082,0.006476259366081471,0.006431887283892377,0.00011825697753929125,0.007283267213775772,0.0020423919832983297,0.0031872383947440575,0.004404151024236604,0.00043075862294949196,0.0046220387853776615,0.0037843761307461807,0.006320953919139432,0.002966928628365133,0.005904104088939414,0.001792992301361578,0.006933300303052277
0.0077057296687616725,0.00034413924388246276,0.001012796697183603,0.002911843688000421,0.0036587464480235124,0.006769007058018866,0.0030705902325003347,0.004656142715487901,0.006747986671982779,0.0008620116433374142,0.002215590499766599,0.007405691017175261,0.003593380028698568,0.006590741654542426,0.0011178296322931422,0.006928938284995281,0.001403862922680078,0.006398352112062728,0.004698000735444819,0.003567556592463181,0.006079774728106142,0.0057997978461436575,0.005863826630441302,0.00031170846421425867,0.0023231475471607913
0.0006714911281597377,0.006031393178598616,0.005915839787303696,0.0031981070677127668,0.00464981935708039,0.00801370575620214,0.007319208672368269,0.006948933165626801,0.004304486363920704,0.0014046171341930858,0.004225341277040132,0.008314485578364405,0.007142001047992871,0.006203786976640436,0.001646908363084727,0.007390570368984916,0.005442086418147861,0.006407626695776002,0.005275075066680243,0.006767688031513662,0.006975163586412826,0.0001251804890357172,0.009220493434546983,0.00159469312740588,0.001729607631999994
0.0046039446964722605,0.0011854548879742062,0.003392721314140157,0.0002944736490157806,0.004203087164183335,0.005023209518255959,0.0023573686142009847,0.003588515552869197,0.004227147716050237,0.003003138694971956,0.006154295593411466,0.0027040059133676643,0.0040301639533172895,0.0009564009495924441,0.004003777739002863,0.005282511768760443,0.005518056473861553,0.00495177877931739,0.004489646318371855,0.0014480635656852015,0.00410005019727388,0.0024004116556998185,0.0007048293035744852,0.002626621978715803,0.001330231960607421
0.0008502480460763623,0.003747646432683176,0.004685549787616464,0.006668874370376931,0.009622672458019073,0.0012432598138210978,0.010293682607982616,0.003707560315377002,0.004776261243489687,0.005612520404261387,0.004384434269935606,0.0044871501245971465,0.0026040328193399354,0.00027645335941325905,0.006120428904417097,0.004481423518512894,0.0038033154712176793,0.0034055478221440274,0.006457733728059178,0.0014756096961503983,0.00452890012810081,0.0036083454981683267,0.004012904607763447,0.005164166574688691,0.0016626796775862768
0.0046116577124727266,0.0024046649543093416,0.0008289413166132438,0.003203711791609078,0.006420979465673311,0.0006719924898655322,0.0015518012613930149,0.005355587716894993,0.0023095644966053823,0.0054520230459614676,0.005414279978018353,0.0028519182502564798,0.005807459416103786,8.560384504286073e-05,0.00423178938789448,0.003307848014576355,0.0010389156256536344,0.0009871018955716925,0.004854588340809202,0.00455401092463145,0.007259895198818862,0.004378877594955966,0.007598047512887316,0.0006201171078332562,0.003818357027059426
0.001924638832148994,0.003902490937787859,0.004857511985657382,0.002015090519136222,0.0071979467932275065,0.0070466071372260785,0.008781767248334049,0.0020365595635209906,0.007230939859775428,0.0009909581500001262,0.0015632394979593935,0.004871288067536057,0.0011936709547001798,0.007681811427335922,0.002380725675167923,0.003025804514439656,0.0008219965102519538,0.0003300557648709176,0.002344681068657566,0.0053401300279849245,0.006521735109089868,0.007963179815494091,0.0072180546000253165,0.006630022134358533,0.005217695071075369
0.004233634390794423,0.009480127631277278,0.002873209012779095,0.005167422011235952,0.00067827505446229,0.0031883185424865174,0.0044643510020170914,0.006468927821104589,0.0057396646663291214,0.004768106692685775,0.008247458062035593,0.005559005455573867,0.0054935120481377905,0.0006599012108363448,0.0016320503352700657,0.004734546778678849,0.003801387533470754,0.006683195260742721,0.009544894446169407,0.002274939632257207,0.0028411039047268674,0.007995368310679036,0.0004811994488120079,0.0001724701909221099,0.008920315116659807
0.0007037244897151674,0.007627642486672181,0.0014913216474631463,0.004980839554038233,0.0037466382948378265,0.005288216404148381,0.005036323051140586,0.007668003854442066,0.006656009515852894,0.0025237535795798404,0.003181445779752416,0.0026155648474895116,0.004103173827964528,0.003824580754453207,0.0011587843775182172,0.0031871489783011704,0.006054512621821956,0.00592068805933167,0.0020960004347268585,0.005251263398878089,0.007635142897544159,0.003974287696695631,0.00019369219871807618,0.004785884666386082,0.005271396694903972
0.006891115222101441,0.010787077395741857,0.0057894435597489755,0.006211690618811029,0.0065074115658446145,0.0043475639348617146,0.005805124886830196,0.013452102706250826,0.005443346925732938,0.012564175797033268,0.0011251044084881886,0.000922935635486728,0.001231422071301332,0.00033138800076718493,0.0019993673707571183,0.007607763176336356,0.0008445638066665296,0.0008994294128697569,0.0038339476384089653,0.009370193726204696,0.0022847605155924297,0.0031564423547909798,0.00569779308217049,0.005269093584086257,0.0013502160468070949
0.00042025657331273787,0.0026359170066054113,0.007652986964991806,0.008202195076019995,0.0074481514562357055,0.007553546942628448,0.006961638875637347,0.000915299094920762,0.00389380293788249,0.003927465317773566,0.0025231135695163273,0.003999078570920602,0.00033330064648372514,0.004279213022538671,0.0018771760503033706,0.003952161874221656,0.0010716089519428786,0.005809280795746767,0.00045206559486683697,0.0031410365832132262,0.0027918981944940763,0.0012991727330330406,0.007573738367844211,0.00087400210718017,0.002550337781468185
0.0017011148076150023,0.0004382670724958758,0.0074549559503327345,0.0028086885179590577,0.005422927872201869,0.008155796844272655,0.007328693777280329,0.0018149074209387493,0.0030079728243656697,0.0062983695379275504,0.006683104581885239,0.002658424907327471,0.005892130029583701,0.004956693381333056,0.007324865899272533,0.006075751010307428,0.001493472772828731,0.002130347498155549,0.005332838956331075,0.006750596187223563,0.009703408464252303,0.007925617988730914,0.000986331239683062,0.001783510849938123,0.006347490215101184
0.0037567911940355352,0.006973484990867599,0.002977714401998409,0.0005833420032292651,0.0009203169596627299,0.0039484297282629255,0.004084497139489,0.000347080622565174,0.0018884139902963853,0.00020892236173529138,0.004660880571661172,0.0055843932832133885,0.001235936713650713,0.005647354986171657,0.009405198100747027,0.006986221654159439,0.0050491415704346275,0.0054874090386106975,0.007244024120538199,0.007499049563101092,0.006435331954879092,0.0035604170581056997,0.00061121480173893,0.004694465912141273,0.004625435652360581
0.0001512676585096918,0.010150540194435563,0.0037665999514984645,0.006234416294168855,0.013644271359157066,0.004364108101136812,0.008260843605193751,0.005024728780522933,0.008120363569182448,0.00174999218540219,4.417006058752677e-05,0.0004347813712710051,3.275592656474543e-05,0.007540868157646693,0.009539671882541472,0.002274921402853964,0.009461884117734874,0.0022378144027639223,0.004649481062322504,0.006216060791884867,0.006626931847616087,0.004167532734844907,0.011387767629451765,0.0022710081381382835,0.009374161943468413
0.002723297890425429,0.006972769566525236,0.002093226295130587,0.006991953022111599,0.006371183885015677,0.006014329316670812,0.0046218081276621055,0.004714288941736884,0.007383804920053028,0.005056703534205128,0.00011839697909929202,0.009821453623994066,0.009700112443902162,0.01006199820078687,0.005730074263314009,0.004059131844921503,0.0002904511362784463,0.006329800130423667,0.005957497624093561,0.000645278238265916,0.001668088746467914,0.0010526713301032718,0.002456845736508061,0.006883043912981611,0.0048816757059135345
0.0017221485178413331,0.003124776751176534,0.0009911156684464933,0.0038089569265341875,0.008932107828490356,0.0009831526947815842,0.005202569214728611,0.002656839616313057,0.00601241910817529,0.006253736310171327,0.00048085712176482,0.007267266654652705,0.0013702818081052135,0.006461766183305416,0.007556927333808268,0.006805139486653037,0.001439517201879033,0.006958663671667321,0.0049049211144964475,0.0021942357279151684,0.0018351755623262657,0.0023602952561309815,0.006689022120553985,0.003772394691203151,0.005180438443289094
0.0008342514338518486,0.0005766163372407943,0.00024621852788463903,0.0021289511865472204,0.007997317970831476,0.003174826891406208,0.0019063721608746295,0.00341743580832171,0.003268954353775701,0.0042745205374714376,0.007021904448502436,0.0005441156623023248,0.006383632320639357,0.0012728258269284255,0.0025608886306926226,0.007160228572766268,0.003771472941202753,0.005575349828136157,0.0007350038595315042,0.004119370425621136,0.003361110078160981,0.0020855253332837816,0.004942661256495504,0.004882018153684869,0.006293600113802595
0.00014207711020522816,0.000768728423411762,0.006952074284798203,4.32709170892545e-05,0.00293004217187377,0.00026620092863191894,0.00652692576650224,0.0008470768003233165,0.0005308187784894412,0.004799108809564819,0.00630013738902352,0.0005637942895881986,0.006583823054811828,0.004667992787918047,0.00262800730345549,0.003564134215570933,0.00616991518367085,0.007126450585332485,0.005792710292260357,0.0027659720563930255,0.0042379289752479945,0.0055992574180964965,0.006877036668866661,0.0032202858737822356,0.005995241861008826
0.008878758247889414,0.0036132453052829974,0.002512503179552495,0.001220190512792647,0.005152311224516454,0.0029427304482780472,0.008290665366932943,0.006965011517972717,0.008277390085673237,0.0007470520056406265,0.008774076951974963,0.007584135768853255,0.003149183519582122,0.008680863643202657,0.004372961821116803,0.0033163610386677954,0.0004967177519735216,0.0061787840711472084,0.001711822152132932,0.0015260208132458581,0.004228636337419998,0.007286365199286904,0.002454647645681491,0.00854477715889294,0.006833826625218304
