0.002637286271650171,0.0034731180543199846,0.008775784090754258,0.014822387502461959,0.011277206105797759,0.007475264971088929,0.014860671991962338,0.006272948711598568,0.004206851460508284,0.002318567724838036,0.007879978265236329,0.008678886884128292,0.00874239984679796,0.0034679541136063774,0.006693730112100219,0.032985013957507955,0.001247594102049601,0.006971824620056296,0.00733954497652568,0.01716548069778748,0.020249471396035827,0.001702413951459726,0.0005346088658804318,0.0032282890356070838,0.007628890243533034
0.002805237327509266,0.003694615574080269,0.00916265315617243,0.015503767153810875,0.011783335983252131,0.007845735207129856,0.015560277959839051,0.006563510857413788,0.004425942070195814,0.002489558007535653,0.008226234565906793,0.009065834508105278,0.009135005897380767,0.003660505287580441,0.007061437926573626,0.03551758952856582,0.001369071625811904,0.007289441479478657,0.007661466164634103,0.01806072992488373,0.021373350286203654,0.0018463206037223898,0.000599860555671197,0.003396430746368356,0.007982065705362505
0.0028853262247565186,0.0037657118782059473,0.009300687668148315,0.01553170355794702,0.011937195682071598,0.007892229616232356,0.015725438442766883,0.006666599170004318,0.004518909719631758,0.002556175592729386,0.008369287026274926,0.00917211454525001,0.009230230466443565,0.003750012907281162,0.007084218106110691,0.03647911039111887,0.0014078981399282384,0.007393892672600608,0.007809116646368055,0.01840008187936955,0.0217664957074905,0.0019019925627356022,0.00061880837465089,0.0034924761756720277,0.008065648256366777
0.0030143875985312765,0.003901465681946072,0.009560985482602534,0.015752630311675515,0.012238921114798525,0.00805678929435419,0.016071397994240143,0.006865450975760131,0.0046815272583673705,0.002670367093685711,0.008623739558074568,0.00940269652611585,0.009451783567752493,0.0038990342710305496,0.007218810241746901,0.037667278116717814,0.0014775276535188991,0.007602710178432994,0.008061346555775374,0.018926230959234198,0.022365162494384853,0.0019964403135559177,0.0006523688984188001,0.003642324278162181,0.008264208627115728
0.003175517885133503,0.0040872197451615085,0.009907133637277212,0.01611850869213035,0.012642710672697422,0.008319663596474722,0.016538130261148993,0.007133299042869167,0.004892955600329297,0.0028195625872053692,0.008956137978879366,0.00972354487574451,0.009766073449445575,0.0040883336383147435,0.0074581353187274674,0.03891017744885263,0.0015772090212370757,0.007886907339571503,0.008386208102730665,0.01956608241188019,0.023079253711978918,0.0021204391520307573,0.0007057578321099373,0.0038270432357643304,0.008549134347219475
0.003303852165897964,0.004232712244946666,0.010176355534084953,0.01635699791708393,0.012948479642530876,0.008515967240522773,0.01687104746149589,0.007343208858137906,0.005060391392766639,0.002938117899679043,0.009218111846710684,0.009969503339746609,0.010004908429377153,0.004238772776033952,0.007634572659817781,0.039591683555232356,0.0016578371009461023,0.008108224787816712,0.008644058225232119,0.020035205239363287,0.023574506834086288,0.00221953047651697,0.0007503819652857331,0.003975046053749867,0.008766670466143722
0.0034158911687146554,0.004372069467223425,0.01037866421739535,0.016548826438256396,0.013183170371576973,0.008688248561969113,0.017134713234308156,0.007503659050883764,0.005193763530044058,0.0030574303133248655,0.009413108344574235,0.010157348019531928,0.010189321854680078,0.004360846099425591,0.0078115412070248755,0.04027367565350834,0.0017569640846661766,0.008277048767119679,0.008834683791681614,0.0204296259083641,0.02400350004453296,0.0023277609056226545,0.0008116971718023499,0.004086390272948541,0.00893877168066874
0.0035802239651965754,0.004568547563742745,0.01072816500242145,0.016878249719565867,0.013583474000891145,0.008958447319502105,0.01757428726783532,0.007773715157851461,0.005407628395368613,0.003217559730492349,0.009752539159609082,0.0104774990844352,0.010501456923067472,0.004552204236649105,0.00807207105858833,0.041118542406185864,0.001880122129589246,0.008562735664067702,0.009168777310152764,0.021051698757218584,0.024656700262147217,0.0024659062145655016,0.0008884897498466307,0.004272474306431134,0.009223935841715228
0.003796402329375904,0.004815978005622557,0.01101146643724998,0.01707040223469894,0.01384241929871533,0.009257599530739843,0.017760318803319772,0.008060347644466257,0.005667661837795548,0.00342294781254528,0.010035876703370732,0.010766835254731407,0.01079186514068393,0.004794042763987615,0.008368587239970856,0.04017969885718833,0.002022959427090036,0.008852961891823405,0.0094492293178607,0.021148824010725216,0.02463154525072415,0.0026392819596889874,0.0009691550043931119,0.004501160377601619,0.00951906736319633
0.0039002792783152385,0.0048972330777046465,0.011031136588303595,0.01675284237944673,0.013737529430566298,0.009289446764586063,0.01742007342140117,0.00815863452847186,0.0057897489771923175,0.0034922313914987685,0.010090070780956518,0.010790244808932007,0.010810409183266884,0.004915337153904102,0.00838338311349073,0.0372010914799013,0.0020384969552358643,0.008933441002072684,0.00952115760517041,0.02055178632533387,0.02372054519493562,0.0026845127509753258,0.0009654358857741236,0.004636300911931791,0.009571778137139485
0.0041329217685262855,0.005129711763703706,0.011432699944788013,0.016986198029842834,0.01411173012463896,0.009605893263216002,0.017694715019108402,0.008528992572725463,0.006104130639156779,0.0036703816783591587,0.010498466744660576,0.011173770918469784,0.011184717816102011,0.005200798829161905,0.008644038029795926,0.03594064390652617,0.002112596540313216,0.009311480001442933,0.009931686070747622,0.02074095266495757,0.023734492697096477,0.002811491604316563,0.0009872540567427647,0.004934694730875587,0.009933285636484065
0.004333034954999012,0.005321219657640798,0.01174981017595468,0.01712037987032554,0.01438693457111788,0.009854662262379976,0.017857927198219076,0.00883660650934023,0.0063723456030854424,0.0038176215210969046,0.010826313274087344,0.011478572021416094,0.011481145740092551,0.005446273848174967,0.008839448412212946,0.03464440196742148,0.0021642751122130056,0.0096217396134401,0.010263399332455743,0.020795157053305764,0.023614244032954097,0.002912757703456153,0.0009961118517869123,0.0051937627298948895,0.010224950928680369
0.0045854714845423635,0.005570958485085541,0.012116308952483426,0.01723946160868259,0.014678669799591705,0.010172197152656614,0.017972900938427912,0.00921202692464187,0.006706311609241287,0.00401123505976555,0.011210998483402923,0.011837602119877872,0.011832734435777582,0.005753089179487073,0.009108477973966035,0.032500145921161926,0.002248195718230932,0.009997342127083957,0.010655745173593266,0.020706560889972733,0.023255516871758933,0.0030519572030544735,0.00102457565015667,0.005516112948268084,0.010580594507300691
0.00469977412555994,0.005670876895355144,0.012148876364495319,0.016944416880378586,0.01458436447047375,0.010228680707634785,0.017642680854533705,0.009324899547405759,0.0068409604562987576,0.0040969101448356,0.011278665001702496,0.011876115517677288,0.011866898815890418,0.0058852407670541545,0.00915594031753938,0.029811945471411104,0.0022843850202738892,0.010092496312411341,0.010741051141549019,0.020116098993582906,0.022361411476795615,0.0031143343286783474,0.0010360465764995303,0.005660268784533917,0.01065041350082896
0.004892029907525905,0.005872599371812142,0.012373201505121632,0.016966934939281135,0.01473167308646218,0.010466988284926483,0.017630605008464716,0.009584828950520442,0.007084553178874198,0.004257674850894491,0.011520242677331968,0.012106983272624465,0.012095624549610518,0.006111489892540033,0.009380330016683454,0.028065193520210144,0.0023721380530248954,0.010347689622920715,0.010989170859711924,0.019909969922175516,0.02193360623761276,0.0032373279123011113,0.0010768127246669746,0.005890228021055018,0.010896003782495084
0.005099250732918688,0.006074557412987305,0.012692458449618322,0.01709962047201865,0.014996345190859961,0.010733809682497422,0.01776666892658861,0.00990425924201288,0.007364727228581414,0.004411499242870674,0.011853610930791717,0.012417678008111797,0.012399107802331789,0.006367490135934837,0.009601595753719478,0.026773757912641576,0.002433915692694514,0.010668408967084092,0.011328399548672978,0.019904372973653058,0.02174181281673537,0.0033447683477407122,0.0010960704118367281,0.006163088618542203,0.01119894635276363
0.005710917934403591,0.006722447379089103,0.013967861602925128,0.018387265930903136,0.016358132055378616,0.01174963729789271,0.019158798400532147,0.010978241862607064,0.008221656188660517,0.004894259695866096,0.013100001469838925,0.013641856642784334,0.013605412657557287,0.007130014658964399,0.01047051776020429,0.02742332895014765,0.002662930597181896,0.011792914271884515,0.012555556243121139,0.02133809939285138,0.023098525383487056,0.003696445858394189,0.0011866559272611396,0.006952556411600024,0.012317582366612095
0.005880600671401196,0.006822472800133081,0.014099134783403864,0.018051607828359687,0.01633797016452111,0.011782587185802362,0.018869607402461946,0.01117819363411467,0.00843951737217556,0.004977687593492379,0.01328739254556983,0.013745227289552214,0.013690117419238168,0.007343528743847105,0.010438127854398474,0.02529214309128849,0.00264785058459391,0.011969525436142,0.012776340162358082,0.020849820684872702,0.02231956268455266,0.003736122093178627,0.0011537583528717088,0.007220600398566094,0.012429031206633781
0.0062466247209892285,0.0071257527396926534,0.014485430607346307,0.01794811888516505,0.016561480957627873,0.012067597393211072,0.018801499008021763,0.011634454855133449,0.00889404233654226,0.00522783118431389,0.013730343152139028,0.01410663335079641,0.014033239954995563,0.007780082305137286,0.010640772017476716,0.023279322445799933,0.0027228641851411175,0.012404517325290989,0.013251907299236945,0.020548836072226823,0.021707040147864134,0.0039066503847264905,0.0011594526015304705,0.007712422599648712,0.012799097941312397
0.0063123870688146086,0.0070901048380322155,0.014256070793712425,0.01714056792317247,0.01611268103570898,0.011808822699948207,0.01801965999836595,0.011566972466506455,0.008932738714656148,0.005226656819685592,0.013583918381319442,0.013858658981200329,0.013767890152328906,0.007848456578434835,0.01035793834895535,0.020845202616998557,0.0026707432457705607,0.012287658562639888,0.013156386507168365,0.019534929972525643,0.020396056117173884,0.003890015194639558,0.0011137881143145599,0.00784234934519772,0.012600345878487337
0.006086628478417869,0.006719493844238668,0.013522336988269296,0.01576155037867458,0.015123296335486782,0.011063955177513574,0.016674567688933283,0.011049283539588528,0.008595894278304265,0.004963076601492635,0.012954132782652387,0.013101997308216479,0.012991329750476175,0.007577122958342161,0.009619223701986705,0.018127100287926006,0.0024650178318115154,0.01170102734626673,0.012593103828057336,0.017976592021319748,0.018558681850645017,0.003665489532622532,0.0009975613034339356,0.00764958124682194,0.0119122295070713
0.005872909271121318,0.006345480502183676,0.012909744549668221,0.01451500046238182,0.014286854451904613,0.010347380195218619,0.015524305354354376,0.010598847231690437,0.00829716787800228,0.004688785514335006,0.012444840173873315,0.012439013007635467,0.01230000091725343,0.007335821442651394,0.008879922771569064,0.01599628370806289,0.00223655866657158,0.011189216599292036,0.01215297743575385,0.016715619834401226,0.017063525699122267,0.0034229265975233036,0.0008669440750381493,0.00750798283514514,0.011285693274034071
0.00592381699499334,0.006257730691852081,0.012719517474254245,0.013720890125108432,0.013895090031777742,0.010022426750631202,0.014836334065665695,0.010530483571981551,0.008329841433206754,0.004643372768153498,0.012349504135041246,0.012192494984497608,0.012024399263818377,0.0074005976638545174,0.008508899330028423,0.01437824875021869,0.002139199834075247,0.011071247934006009,0.012121606095790325,0.015944583476750197,0.01606429577716426,0.00336089584659053,0.0007981145457131853,0.007672323600188903,0.011059265243825072
0.006061461515330252,0.0062633665087556386,0.012668734088859523,0.013111667916230666,0.013661448765714653,0.00982426053713379,0.014337277644754804,0.01058144824710439,0.008466859542350854,0.004676519905133381,0.012389756226970463,0.012081182206752293,0.01188335913474626,0.007563384546863695,0.00826366758867177,0.013146985968665793,0.0020980217433047214,0.011076910193052536,0.01222442555867573,0.015395942791096318,0.015318244048022338,0.0033653261748329334,0.0007619005936502012,0.007939417546662532,0.010959012496546556
0.006145535179351042,0.006223356633676065,0.012577570707974496,0.012534098413072276,0.013414835224962809,0.009585964058411191,0.013867884079951662,0.010571974294090961,0.00853799527943256,0.004673735127289644,0.012380785364825125,0.01192938441609345,0.011703469308094893,0.007662195404274567,0.007986306394559158,0.012117151477556225,0.0020484334608031505,0.011027172400056308,0.01227333613969477,0.01490357278379441,0.014663191841129528,0.0033474850041959035,0.0007267798198841976,0.008136370992738975,0.010811542557232084
0.006263653081973316,0.006220660617181875,0.012568824102503215,0.012081377859797161,0.013261970871501503,0.009424952801379576,0.013511902414452999,0.01063207542632878,0.008663361995411565,0.0046938137551608096,0.012450841450795447,0.011860332798929821,0.011606752005978627,0.007808273841492616,0.007781283404748712,0.011285544660101562,0.0020084646246685267,0.011050765381318264,0.012399664625946197,0.014529021364809777,0.014143160512869618,0.0033430258614722437,0.00069632298470553,0.008387871723933899,0.010740848896182736
0.006607152916730471,0.006437993160719739,0.012982066525561749,0.012061030512421828,0.013559324225152023,0.009586385740219788,0.013630511514826683,0.011050212343747104,0.009087597540284853,0.0048855947274117125,0.012939385775547804,0.012189358737030765,0.011900246635198161,0.00822836239222235,0.007850773668180653,0.010968554939762972,0.002048293289824704,0.01144538531636336,0.012944377551814183,0.014675438409818544,0.014151114928779802,0.0034649679096834985,0.0006964784117506537,0.008938775815277644,0.011031467223915783
0.007060359796230001,0.00675306104483048,0.013425681341735813,0.012028826714003163,0.013849263795481223,0.009824523257460407,0.013700253645015235,0.011548101831335133,0.009618838060515153,0.0051669502864478455,0.013468243405028618,0.012562610093003732,0.012241119261183143,0.008761153326579408,0.008002830140777779,0.010449300911170415,0.0021345539780374813,0.011909396361750303,0.013534618097192393,0.014710239905244851,0.014022668295086105,0.0036580428679250793,0.0007159174002729233,0.009608690142876615,0.011389080063689955
0.007242299874426066,0.006803074536279549,0.013518952149066787,0.011686353890336534,0.013790821058490794,0.009748314049292873,0.013437705712968763,0.01170699059763495,0.00983449173758909,0.005224142810906798,0.01364824277929993,0.01258967253482804,0.012238535700994488,0.008992518463039742,0.00787778629477169,0.009735509973906114,0.00211244167263977,0.012030938694746812,0.0137786789686535,0.014415921887591557,0.013586891411377542,0.0036772725445093305,0.0006964458005102036,0.009977584722966835,0.011409092806573292
0.007302629129119662,0.006735221517728153,0.013276677818215777,0.011081431001399744,0.013390377266219916,0.009461310306874639,0.012853967145155111,0.011594346162959825,0.009845468377988817,0.0052065805365475335,0.013487661104595532,0.012313749959584683,0.011945155573710975,0.009048565232556833,0.007595430269837883,0.008869358709069963,0.0020693199782545633,0.011869139574880203,0.013677584546623177,0.013772004496529822,0.012840361308155251,0.00365383798044049,0.0006709672205464515,0.010142689999436991,0.011166170706946523
0.007594930739059199,0.006843686015917476,0.013501902815520087,0.010803066185565629,0.013442766610112223,0.009440173789928548,0.012682798544960036,0.011881686196198655,0.01019416298407752,0.005314758954918817,0.013820318073069843,0.012448259178040724,0.012040583333001918,0.009415516808434419,0.007498061364434042,0.008283200359677428,0.0020483761744119126,0.012112622259715058,0.014092254800242518,0.01358591259456737,0.012507589560997616,0.003700804210990444,0.0006449759273237328,0.010706344806441503,0.011278487464501339
0.007918056254043104,0.006966380793938052,0.013789763021758841,0.010560979679578444,0.013558822232647764,0.009430366274194623,0.012578018254463925,0.012212200337788363,0.010582094660161865,0.005438654090184542,0.014225492983573867,0.012625052064248899,0.012172066064752794,0.009822454453062372,0.007407016883997501,0.00784220031453217,0.0020395958947826776,0.012398720168783907,0.014589800690103594,0.013507611871255421,0.012286998328777565,0.00376158838005992,0.0006276103517639255,0.011341199492503418,0.011418517315876276
0.008217482277459186,0.007062686875746266,0.013946429549123762,0.0102472710086924,0.013533257419530632,0.009371797763644185,0.012339708173362897,0.01246060597638603,0.010919246836912293,0.005545966362165081,0.014492915503178789,0.012701412146797013,0.012212542332431261,0.010190102921164275,0.007285267084079839,0.007272267768932597,0.002024555875292007,0.012596242433837107,0.014942670159471858,0.01322037799318639,0.011879640840963343,0.0038118626952008765,0.0006079071153689999,0.01192973065352521,0.011484166946337955
0.008618653166483076,0.007235962491615808,0.014296273984608115,0.010080929162158223,0.013695844678047131,0.009428948163166521,0.012279495033157567,0.012876933049795425,0.011402136758104411,0.005708990682487459,0.014965161509939843,0.012948220469121466,0.012414946076752326,0.01069384393792975,0.007250161022605263,0.006862294837767519,0.0020256221210887253,0.01296283573848279,0.015511112705322154,0.013134357922942234,0.01166307565088497,0.00389549910147278,0.0005937870512037294,0.012700876289707333,0.011698539759751438
0.009032149924644444,0.007427261967486229,0.01469989763865281,0.010005297620105534,0.013940055154371519,0.009515657147346746,0.012331700329746462,0.013313091942540742,0.011891669652355299,0.005893391640637549,0.015484882232010376,0.013239065308307327,0.01266004504950354,0.01120376089831051,0.007245064998835729,0.006638191329136315,0.0020464431430207274,0.013355993585256198,0.016124934309336866,0.013205142287196558,0.011617283398195528,0.004003234385771256,0.0005885954032599459,0.013475531277290538,0.011943176632994934
0.009447010556294879,0.007634832165068178,0.014826725857010411,0.009795268047337711,0.013897076395447728,0.009555471509975644,0.012122768523583722,0.01358985939034258,0.012303019078160848,0.006112077077191077,0.015703193974888896,0.01333229278401876,0.012733315168358666,0.011663483406329613,0.0072436296233124005,0.006221802814131572,0.0020979241935655947,0.013575852993662447,0.01641245648161411,0.012899019627661604,0.011244225905632644,0.004150485572491834,0.0005960403358125128,0.014137494143112226,0.012062105574230042
0.010192238425692744,0.00810493293888762,0.015408733042346301,0.009905297571204891,0.014287702518729786,0.00990042283209862,0.012307815524335682,0.014288673947368163,0.013113107145856449,0.006553326736489526,0.016402680722401242,0.013836299485676593,0.01319998869566816,0.012511481259871973,0.007483128839520092,0.006087057305438861,0.0022342576299861183,0.014215078245803158,0.017203090024407407,0.013032212474065857,0.01127288651795669,0.004456903052378093,0.0006300617981986609,0.015269536025852086,0.012555952787863194
0.010607000380211404,0.008287009108935952,0.015578952726507677,0.009758535347936565,0.01431145116309284,0.009934802440540588,0.012194446485076978,0.0145778932132721,0.013529217979942275,0.006744603948093338,0.016662847877909157,0.013957811505540874,0.01329763708830449,0.0129787822618033,0.007464318707174791,0.005865336331680199,0.0022534169618601556,0.01445115754949459,0.017534524397418986,0.012877913360040768,0.011068056238394755,0.004571665528065206,0.0006206560974516798,0.015970192428899414,0.012684822471585361
0.011322933219211155,0.008694835269325654,0.015965413164019095,0.009736594514679672,0.014493643528146489,0.010182823131660653,0.012181384911574613,0.015149379778981514,0.014267485183030178,0.007135345972220044,0.01716032281415084,0.01430266483082439,0.013616795126089664,0.01377866825175275,0.007625176134589772,0.00556847618474386,0.0023424944784677724,0.014951653670429254,0.018116547629560706,0.012748470721039412,0.01086059227289719,0.004827403273077174,0.000630904568809855,0.017065095563793972,0.013054028024751056
0.01204787749437513,0.009122103222966048,0.016256544275600044,0.009690023003477924,0.014596917811391056,0.010415786153866019,0.012116631093523655,0.015649137762183834,0.014962983018142044,0.007562855239753464,0.017546443487950536,0.014577166896409841,0.013875126493760548,0.014550484963687913,0.007795106681170398,0.0052828216700829475,0.002464297498493636,0.015379523122342685,0.018573574704304215,0.012561227361357386,0.010617572575971767,0.005126495533607419,0.0006549021852878373,0.018089133949090425,0.013374136273703213
0.012754240390227213,0.009539979386775723,0.016366448110788395,0.009568491120423765,0.014547225133084988,0.010579473357019056,0.011942962317155744,0.015997250631406036,0.015552228382977965,0.008015752485658842,0.01772759578666589,0.014704216460533878,0.013999252995626925,0.015241433442661842,0.007933589064290316,0.00499852222328876,0.0026184219765083188,0.015654745408666244,0.018805632729656834,0.01226792777083523,0.010301913042145058,0.005467540094509345,0.0006930999027541966,0.01896845104435239,0.013575505502233031
0.013613407159065496,0.010070356830129974,0.016690081677722395,0.009601472781630972,0.014706667936670536,0.010874632147229706,0.011964096283808914,0.01653615498530268,0.01631940465812071,0.00856908259499339,0.018132026903626457,0.015022593178305663,0.014305608750406526,0.016107632178575144,0.008169629904731305,0.004845145643248413,0.002810502630874475,0.016121048109707495,0.019268816747275867,0.012189732490683572,0.010183903178979496,0.005882239645677122,0.0007429979506560207,0.020062532815147086,0.013946275759752972
0.014275482773163877,0.010438004281904405,0.01664445873746284,0.009394579044264583,0.0145200300265034,0.01094599110240844,0.011682988409244121,0.01674354774132041,0.016798898285963336,0.009004458247139293,0.018143936336267173,0.01501267762204192,0.014299946232925678,0.016709541717416402,0.008243482094509882,0.004528982084201412,0.002969330575996999,0.016254798072107376,0.019320308125216405,0.011788596664729315,0.009782586739367653,0.006224873847699635,0.0007851890820822207,0.020826703501893484,0.014025042363371898
0.01461861134893135,0.010595586799433527,0.016142452003129804,0.009007813002302132,0.013955857149127214,0.010790780522940841,0.011129953316282335,0.01651448061445384,0.016856319412689627,0.009270337614563818,0.01763392027130684,0.014623515117175752,0.013945374476091222,0.016899605281204606,0.008165169198055862,0.004152147523601584,0.003083194857054902,0.01596788163353086,0.018795154994446825,0.01108900091853395,0.00915847321959285,0.006463333739531853,0.0008160050659187366,0.021008393943538983,0.013771109247939726
0.014303781475882071,0.010311607813081885,0.015179180073941596,0.008430172708693938,0.013057973100736512,0.010273336643174487,0.010370853915153733,0.01570420786593854,0.016228544603224048,0.009127042797444088,0.016597174016707,0.01379530371345302,0.01316836298328031,0.01636740075291718,0.007808319905866456,0.003819984380409459,0.0030718289539620183,0.015144386539010892,0.017695995624694615,0.010259594829651964,0.008463183520317523,0.006416727881262544,0.0008190899590819177,0.020286174211067595,0.013064073192202836
0.01433258370941766,0.010306562214923808,0.014665541434822483,0.00812942864057514,0.012565428993416616,0.010063233145094063,0.009949970553681173,0.01532825590211589,0.0160165263036888,0.009224452973269707,0.016043998389674845,0.01337382281368819,0.012780438312172626,0.01623937334528993,0.007696808098683796,0.00363604854937503,0.003165227112250809,0.014748462400046545,0.01710761852547339,0.009779099935085779,0.00806348661082328,0.006550289277008918,0.0008595353403482769,0.020053792893646068,0.012734906594128384
0.014484475643007078,0.010386609332627061,0.014190740985673038,0.007855188273137007,0.012107744084688548,0.009900823753026998,0.009559249597731726,0.015009568533051106,0.015889443559854943,0.009420028473325738,0.015527961269357371,0.012996610586003047,0.012437821307035642,0.01621199648733971,0.007623673306920904,0.0034637727002009753,0.003292603956601107,0.014405178417203164,0.01655317806939127,0.009326120247962552,0.007688688242245004,0.006764658444746763,0.000904342497507783,0.019907250227043413,0.012457539869096574
0.014469613585690579,0.010329035189190552,0.013676120197035601,0.007557942532627999,0.011631907436178663,0.009646119757944637,0.009167293324418159,0.01459685023424091,0.01562392204490675,0.009477934720046445,0.014971566543349482,0.012559690403080026,0.012030517248531606,0.016030615988351298,0.007460480584801792,0.003327853246707597,0.0033584660801744735,0.013978941084198225,0.015961474002918485,0.008906211609957769,0.007348331669718839,0.006868469765046115,0.0009300632219759225,0.01961965324254294,0.012095190315429749
0.01381133312681972,0.009867203150154302,0.012631082599389935,0.007027874407508855,0.010735727401800335,0.00905486242691783,0.008470219724340752,0.013591849717477286,0.014680232004623223,0.009155914306633962,0.01380726092992349,0.011654071042100759,0.011182230742966355,0.015131462857401372,0.00704501954399635,0.003082060752587899,0.003301782844532261,0.013000250227385329,0.014698855314696741,0.008180364515581861,0.006764811127011331,0.0067082227322803525,0.0009218124489822749,0.018367192408274374,0.011283943947218121
0.013603965928968745,0.009738462625999473,0.01184542476897432,0.0066394943878769295,0.01003240193849149,0.00872685885508701,0.007902645505859994,0.012933724951563929,0.014164041154080353,0.009159688212511964,0.012930605277671208,0.011012676355788082,0.010595206060108834,0.014691659043494251,0.006861458850684753,0.002823348578149613,0.0033846041705963216,0.012341701941643102,0.013742548363925498,0.0075319878774892865,0.006230749320471891,0.0068017758991426045,0.0009597874993341117,0.017645719854755767,0.010761851702095636
0.013545912699434788,0.009740992084011692,0.01115709666491875,0.006308433456067883,0.009411463968478573,0.008492597231184446,0.007397794977813896,0.012383904219970236,0.013772528104811459,0.009311063097146794,0.012159653020650243,0.010464261232371588,0.010099132795136726,0.014385227606933056,0.0067707285003962255,0.0025742265455759696,0.0035663362164824438,0.011786638266969303,0.012898081851441603,0.0069423736995406354,0.005740988327963666,0.007037041861061885,0.0010400304418906742,0.017057869101250584,0.010336114015520436
0.013749652648381867,0.00997985607240263,0.010712691720292935,0.006141772615249806,0.00901411902132461,0.008463533876789763,0.007083926614862853,0.012082285073503167,0.013636466768550556,0.00970473699379667,0.011644412318661238,0.010147048895766873,0.00982866186665573,0.014336980879366492,0.0068632117937891856,0.0024136375388895963,0.0038952260647500633,0.011475254890197148,0.012317522425091336,0.0065459424433778595,0.00541815414784717,0.007491989051282007,0.0011807556366416672,0.01672723542419846,0.010137820580618963
0.014531983075706125,0.010671238172032955,0.010627478847653854,0.006210441020553507,0.008923102724549773,0.008777208332524617,0.007019566427369329,0.01220619426396786,0.01400848616488597,0.01057939916506695,0.011512977912499316,0.010184910002401671,0.009908497323521108,0.014838092767010447,0.007266084191333044,0.002350604576990433,0.004486803785934743,0.01156636929220893,0.012137515739704693,0.006374093329235041,0.005287691700846739,0.008369388853543411,0.0014243186797781558,0.0169888671173774,0.010311704517436899
0.014989153051730842,0.01112636580035074,0.010398308891426728,0.006192809809948935,0.008725641673419687,0.008918744542462134,0.006880622417465687,0.01211650564522497,0.014094910783886817,0.011222551091323038,0.011225597526839676,0.010066691694525025,0.009830980049381287,0.01502266511144223,0.007512776746759048,0.0022800358159939835,0.0049956915572279825,0.011463135550742758,0.011795401643170314,0.0061597531423921445,0.0051246609527317,0.009076837514854223,0.0016461873847362905,0.016904446350551824,0.010304798158212596
0.015298927054022027,0.011494307238940888,0.010117457066792237,0.0061436086422342225,0.008493190988677355,0.008996524867893152,0.006717842396202678,0.011938867836398477,0.014053247786211304,0.011787949481275584,0.010881287639646783,0.00988978096018847,0.009693972261354185,0.01506042371933796,0.007707603249712842,0.0022053898635526407,0.005511790998050649,0.011282172812344834,0.011393766844411495,0.005937374514976475,0.004954513430991399,0.009748693478796807,0.0018855426659161346,0.01664709592531268,0.010227467815181891
0.0156347787486093,0.011910211863887053,0.009775496717653029,0.0060616296888276605,0.008200702833700469,0.009070296757769353,0.006501720019194666,0.01171728441024023,0.013989083697010928,0.012439825429939641,0.010472854024880268,0.009663462313382084,0.009512614986353928,0.015086481043928434,0.007929366428596917,0.0021056521851107977,0.006154102844588989,0.011054870648782592,0.010925713671706598,0.005656087957888876,0.0047328609127840005,0.010545190434106797,0.002204448392546288,0.016351567556862935,0.010116400251232668
0.016114326228671306,0.012490753509701951,0.009555604593391533,0.006077259811219844,0.008021183622345175,0.009276700149360368,0.006384418922711964,0.011624695113873578,0.014057318267530573,0.013277495282527493,0.010189822553668296,0.009559398532815228,0.009453407393098322,0.015244303466463492,0.008291485854064778,0.002046530854260387,0.0069951318294623425,0.010954900717465856,0.010585076971958565,0.005466242017848956,0.004590973086574196,0.011552392620996247,0.002646232872279065,0.01617464188341441,0.010132427964185323
0.016545323141627176,0.013035808047083186,0.009326530399500484,0.0060831659487263065,0.00783593632218698,0.009454408494202734,0.006263718225071508,0.011506771776206631,0.014085471514488522,0.01409202383246835,0.009899764606752648,0.009438377267991294,0.00937522464500021,0.015356555214151047,0.008627007778430139,0.001992831593473498,0.007867986458510806,0.01083250455393418,0.010240588256150424,0.005281735684108747,0.004453954473084507,0.012566973055985047,0.003121596287002423,0.015962714582224796,0.010123240209431308
0.016348795590006585,0.013161047951485004,0.008894726660426532,0.005979885202445878,0.007498142576111619,0.009404167958009264,0.006033425431683868,0.011085793684166989,0.013666532875255698,0.014407019804320154,0.009388501723420766,0.009103754443743717,0.009083366549032934,0.01493993859911517,0.008762807425958238,0.001911982535437015,0.008554849955511007,0.010438165011046156,0.009664517215546974,0.005016639804496786,0.004251343513920474,0.013154758899317361,0.003587730320322407,0.015203411873634397,0.009866476257223948
0.016392422278574514,0.013496057945558986,0.008633878839559477,0.006002926291004072,0.007311592934530986,0.009520412866388014,0.005932047115351224,0.010856746880729594,0.013463674128688647,0.014954287019911581,0.009057480576532178,0.008938045286776577,0.00895877115786439,0.014751607128704294,0.009059374150736656,0.00188422410993914,0.009443932823986107,0.010228490482236365,0.00927540116958605,0.004866527327555814,0.004149480275487897,0.013982080436313467,0.004176992652295252,0.014689616662094606,0.009784117188249036
0.016804066396791578,0.01418344110828422,0.008559118527296591,0.006177535939371071,0.007289714249856093,0.009868958249453674,0.005973075462474749,0.010854885303744797,0.013540858342610295,0.01593067771379136,0.008918949519639304,0.008966907569532691,0.009031258345617438,0.014871082068092099,0.009611099092140961,0.0019155485521218135,0.01079258689365593,0.01023512439042744,0.009082358333175696,0.004837867552545761,0.00415582593461334,0.015298322277131316,0.005082814917968942,0.014465724045496491,0.009917514797585457
0.016426390851793444,0.014235675960598815,0.00820907985280167,0.006155215475540803,0.00703910936996947,0.009856211488470277,0.005828542563226277,0.010467010026145565,0.013076543640072638,0.016121121749436584,0.008494534362941262,0.00869619172396857,0.008798817061095397,0.014361776749832135,0.009801008531427463,0.0018830532444168678,0.011643210552350305,0.009885790152004583,0.008600758296844986,0.0046634880090779636,0.004035104931881359,0.015833684390789787,0.005826672168359314,0.013668069022467746,0.009701538513476552
0.01669149644342491,0.014833051554506076,0.00819072323672062,0.00636578840933535,0.007068201301139938,0.010216218399406061,0.005910962714533814,0.010495929183054314,0.013132410774190976,0.01693675184373909,0.008420596519091422,0.008767047208552507,0.008908481568550458,0.01442466553312718,0.010364781136823362,0.0019257964831756568,0.01302659229809543,0.00992832307965113,0.00848060722335055,0.004676542692945267,0.004074368456535944,0.01700561315935822,0.006926435445688364,0.01344905365544368,0.009860059572205534
0.017059687690479938,0.015568920517532586,0.00811448345050616,0.00653798517805096,0.00703516828221475,0.010600238675988293,0.005932164214149552,0.01049563158275389,0.013200941923911825,0.017978851373015876,0.008287937853652862,0.008793175258407995,0.008979351375273389,0.014522868676297547,0.011015280860480989,0.0019268498843019845,0.014846600626854608,0.009935711809017308,0.008300826699281344,0.004622844186964373,0.004050815186499635,0.018516931081441458,0.008447983513178702,0.013230547807130297,0.009997192848974481
0.0176715031749217,0.01650804328348833,0.008094220411422295,0.006722853817045523,0.007033876376677578,0.011070949470461059,0.005963169173981909,0.010593821027553357,0.013427859381187573,0.01929436798018839,0.008221874719312005,0.008878614558277948,0.009109931835866865,0.014811635752653924,0.011774511589297014,0.0019105640539089092,0.017007599158935023,0.010028198498585515,0.008194706528082222,0.0045706280134980605,0.004020206413940775,0.02035500273475082,0.010284310079405213,0.01320419064560738,0.01021168516543832
0.017418605443786213,0.016692028806095067,0.007875160450831595,0.006776329614617766,0.0068850962035772794,0.011177283180667115,0.0058916808619305025,0.010353154235235392,0.013123225367648693,0.019620726137706903,0.007948729465441874,0.008726454133179067,0.008991283639496618,0.014463713364808015,0.012121204279111786,0.00189356114448666,0.01837872290860009,0.009816986306591833,0.007881419882122261,0.004461004582625258,0.003948048910094082,0.02111675415195857,0.011828722235331221,0.012648166815267878,0.010114177962828718
0.017766433985028213,0.017444472466571805,0.007855167721762413,0.00698889291134635,0.006900997828828324,0.01159611443365597,0.005954116047514317,0.010396996998171351,0.013218306256135345,0.02068759373799892,0.007881957613484444,0.00879630280487258,0.009101897581135852,0.014577707299804222,0.012841344022146322,0.001917837744075051,0.02068320645762441,0.009868677992655667,0.007776808622823448,0.0044509828439395285,0.003962030690329702,0.022768966411555378,0.014221659813438784,0.012499232101204249,0.010285143234825982
0.017063612745574643,0.01707406991208386,0.007453886148825407,0.006827105284288579,0.006584536983058723,0.01131735824774366,0.0057295230383741695,0.009896627516831739,0.01258815955457361,0.020374037705908062,0.0074401482328560605,0.00841304279805491,0.008733795796405243,0.013880970966016239,0.012713397541077955,0.0018640413991565408,0.021365435148499114,0.009406743743196548,0.00730976118209822,0.004246309594931332,0.0038027313072315216,0.022806357185957422,0.015394520773064628,0.011716858093362242,0.00989397820199212
0.016422764303326495,0.01677083105360068,0.007151043444056432,0.006749519765287697,0.00636095641302135,0.011126917178045235,0.0055901044967829215,0.009494747531713827,0.012049992055573364,0.020103837861453366,0.007099704628312574,0.008125695185284805,0.008460304982976653,0.013270123957872557,0.01267373539998118,0.0018526826311073357,0.0221633517626668,0.009042825302152401,0.006946223693576905,0.004119613996982573,0.003714757746710143,0.02288175939059599,0.016821634634283534,0.011037216753016554,0.0095963772819235
0.016248554683345105,0.016861749669234406,0.007034154556147234,0.006789152360155465,0.006287595100671242,0.011165315984618956,0.005564745302130416,0.009346296740244071,0.01185222741939042,0.020321699478693698,0.00695596614501885,0.008035342978047175,0.008385471899276185,0.013045433783434675,0.012867288515780747,0.0018625111978963402,0.02343300282276586,0.008913429199419651,0.006784355469354757,0.004080460689917344,0.003696891398823751,0.023486992537611915,0.0186469904527185,0.010722999725739757,0.009524289235033677
0.016363462372226592,0.01731923983359506,0.007103898850467989,0.007041972104083974,0.006388402249250237,0.011519035612963933,0.005701495293004529,0.009432079637477948,0.011916820285274266,0.020910674492357274,0.0069921270655243705,0.008162471306573065,0.008539832475371835,0.013087099688539007,0.013441920749627969,0.0019290932025248441,0.02524958278691054,0.009013349813471598,0.006794849788526976,0.0041563498470574885,0.0037858949280211874,0.02450462611742701,0.021160129715603403,0.010625918016663946,0.00970773983347301
0.015177937650448557,0.016378160395067412,0.006657615225668679,0.006773741125724394,0.0060236510800090156,0.010995503109923569,0.005419736714976748,0.008820489288059844,0.011080036398617973,0.019746579757217386,0.006523469307287447,0.0076893277624358655,0.008063140227988642,0.012127345377204668,0.012973000109594344,0.001847602187369819,0.02483829164501748,0.008448269404845632,0.0063176015478108305,0.003928008362133976,0.003595136221430401,0.023384363909391696,0.02189848011338143,0.00974476874537825,0.009166725601021072
0.014265685978242227,0.015730790617036382,0.006375793940461092,0.006682341881717555,0.005813041293068562,0.010719017584720759,0.0052818237733350155,0.008409846481153732,0.010474615479961714,0.018884491020651404,0.0062154925137254124,0.00740122274697585,0.007779019065546657,0.011410637309232701,0.012788541383597807,0.0018218442148286889,0.024699535073902507,0.008079044998324831,0.005996301353104614,0.003809322946210112,0.003506334703880139,0.02255729544631356,0.02288529037492734,0.00907266192018433,0.008836913899025366
0.013545940504509187,0.01525383699078644,0.00613593798745166,0.006617404427430019,0.005630373598548107,0.01052867004544107,0.005159954156702976,0.008075572061226272,0.009990774304658265,0.018239517972531306,0.00595287402724933,0.00716390616820257,0.007548413785063934,0.010839261662338683,0.012713831075645127,0.0017910739749420954,0.024778348098007302,0.007777329269571377,0.005721618418400859,0.0036961827261018927,0.0034190995390490915,0.021966263847569046,0.024110056723615134,0.008527869867751484,0.008576199524690322
0.0130105552206043,0.014948330499063179,0.005949883029022452,0.00659131112692995,0.0054880413280410795,0.010436780797055964,0.00506581016229554,0.007827609019732453,0.009632020009195823,0.017804354051384325,0.0057464214085285485,0.006990047491356813,0.0073843213565890475,0.01041223081582722,0.012758776192230372,0.0017577517898723072,0.025074533193149236,0.007554226731118111,0.005503466883517208,0.003597931015687705,0.0033415403709810155,0.021603562418329628,0.025596561650805025,0.008107392124758453,0.008397049026529293
0.01289412747795035,0.015136438250082226,0.005983369016750276,0.006835899710415952,0.005555997940908733,0.010727082657880022,0.0051760914366638325,0.007856187773406582,0.009598420464316235,0.017933499941137288,0.005749093036570165,0.007074169967213208,0.007493217789198698,0.010330093337430962,0.013273508181819637,0.0018124750482991538,0.026156710608908916,0.007601502403501621,0.005483974724479151,0.0036480817885983373,0.0034072706268768664,0.021908350448175264,0.02795101334946347,0.007957156699621503,0.008522640650015121
0.012747799756925627,0.015296074081203244,0.006005079190345918,0.007076777003133911,0.005615701916993923,0.011001402229767525,0.00528182583717552,0.007865912026704744,0.009539487106977142,0.018031948484882154,0.005739348150133543,0.007144755563912881,0.007588176103423466,0.010220468730165268,0.013776470430461268,0.0018694114683755017,0.027205669482918252,0.007631562857129571,0.005451969623876161,0.0036963263568959267,0.0034724407069475485,0.02218004837269491,0.030289509700632943,0.0077822976683362575,0.008631387253654615
0.011987538966469556,0.014648457360268366,0.005853865427890541,0.00709390958574747,0.005522941045870633,0.01080712377977522,0.005250714493470511,0.00760029364539049,0.009096954492619956,0.01707939598529388,0.005567969039579095,0.006984758087974732,0.007428602541391667,0.009679338146157842,0.013603818729368854,0.0018992023316573069,0.026201948075284708,0.0074012327072944615,0.0052706871337357,0.0036699113223635236,0.003469443208181518,0.02099211015756823,0.03000402216163955,0.007324675060762234,0.008423791295310625
0.011486722454102335,0.01428363829693408,0.005797906315385219,0.0072084907662147086,0.00551441714907067,0.010784830968603212,0.005294298579351437,0.007466373045293462,0.008829621614992622,0.016488531789647487,0.005491094724856809,0.00693547791288624,0.007385552372445262,0.009335305194085488,0.013654540504369522,0.0019554153984482625,0.025770442119478775,0.007295435091086391,0.005181829560493985,0.003697359479619695,0.003515549649591308,0.020265148970221768,0.03043155378600711,0.007024939463753343,0.008351819922184952
0.01146812520559965,0.014589626495214005,0.005930714339308084,0.007603835327639675,0.005688077143811201,0.011216719588422124,0.005519805518684739,0.007592662901183235,0.00888850443453553,0.01674164229758515,0.005588080224730933,0.00712713300168465,0.007605862811150523,0.009345172532479363,0.014366467825813169,0.002082095460440234,0.027251736535587896,0.0074431904964367985,0.005253223304737183,0.0038425171868497645,0.003677623282986926,0.020735190515103082,0.034007401807273324,0.006964066336321092,0.008589385084763302
0.010674109265909119,0.013810669757525908,0.005723835312356324,0.007519209633064316,0.00553133071991868,0.010894341943611266,0.005415918567360266,0.00726745064624559,0.008398828793177288,0.01565997489393522,0.005370965186942464,0.006895028433096267,0.0073666910297892525,0.008769414877214294,0.014019086442298559,0.0020723688263007876,0.025857891807831237,0.007148731783296077,0.005034007494207749,0.00376327810392638,0.003619282751003252,0.0193499542953666,0.033216103960645275,0.006505292733629439,0.008294903012055401
0.010270241376914702,0.01346013588816143,0.0055974382700941395,0.007485133073543838,0.005433282403960431,0.010754512070791993,0.005350521973649938,0.00708370947542464,0.008134222406723034,0.01518706089223051,0.0052373702559039125,0.0067614259756989875,0.007232382928649334,0.008462105515241328,0.013929249071464336,0.002062323890819571,0.025632581177320604,0.00698111538399099,0.004898092811171214,0.003705684939982312,0.0035755538610309587,0.01881417622090236,0.034094689674674585,0.006247947269262607,0.008136690988591131
0.009927995051310482,0.013171774420067327,0.005596513156228952,0.007610963781809038,0.005463442645214876,0.010766543346934011,0.0054156907257654555,0.00702770494026443,0.007978982289094163,0.014696005638816763,0.0052225962247534384,0.006765361209121109,0.007239873305955978,0.008250471583633302,0.013981635304158134,0.0021160781769985443,0.02501849062000668,0.006944860537843729,0.004875250248731691,0.0037507369950036027,0.0036317646721212168,0.01813218591957301,0.03408996844986991,0.006084324652215363,0.008121065293431876
0.009704609303526136,0.013039315418407613,0.005676892915801645,0.007860810292020211,0.0055777532212140605,0.010925897924009007,0.005570474059754345,0.007066494159912353,0.007924496140718962,0.014369982393026065,0.005282184442446845,0.006866622546093519,0.007351416669259263,0.008140767694149998,0.014218912622759667,0.0022192132519491606,0.024629699462495967,0.007004159051474324,0.004921002050602246,0.003861963732674312,0.003755601584763723,0.017642477364273754,0.034327191975608955,0.005996373151630619,0.008218414931368405
0.009748247374691633,0.013189964045535893,0.0059233538702951945,0.008294361608397758,0.0058463486306723446,0.011338289849269398,0.005867927147265013,0.007311475271503198,0.008103140000627614,0.014330000260210722,0.0055028653102959174,0.007158510265106059,0.007662028183740845,0.008272334520789858,0.014730117740674427,0.0023695858975391316,0.024323604691920166,0.0072648049411911325,0.005121652007388298,0.004073904633423093,0.003972164765125915,0.017410459186455764,0.03403589422634225,0.006111405839233475,0.008534518986912347
0.00962441759145119,0.013130604243484433,0.006022705213195614,0.008563807716264912,0.005973684679096475,0.011534285846659246,0.006032877375644639,0.007387058179696467,0.008109620017780142,0.01409998007027135,0.005582598415936169,0.007283790809606981,0.007799129822626799,0.008236743154365317,0.014999835149260917,0.002479565601141036,0.02383103408951444,0.007356346769389167,0.005187870077177991,0.004188714335027368,0.004100202966499335,0.017001123824305894,0.033545206092189514,0.006087249924015169,0.00866461560690605
0.009917091586642151,0.013630274368000152,0.0063500360084234935,0.009162985294747104,0.006324020727101323,0.012193592416326778,0.006422442913558009,0.0077536498797520625,0.008449309896193573,0.014490882853286542,0.005874239135836253,0.0076887879985738285,0.008237151362284034,0.008546384555364907,0.01588974369355883,0.0026867899643655156,0.024431898914846005,0.0077350777308633194,0.005451253477457772,0.004455748338012711,0.004378680125747646,0.017359615319226175,0.03465046534960785,0.006317295863390521,0.0091345806275934
0.010394901846122375,0.014439880052225714,0.006737582738980828,0.00989491364745505,0.006738339138256231,0.013063263479608966,0.006885546124177475,0.008208214315456094,0.008902448141950018,0.015276165212227098,0.006216545383908895,0.00818037812602935,0.008774109022741911,0.00897956281099063,0.01713205230570806,0.002936658622108732,0.02615011536814046,0.008200897878805615,0.005757712990374164,0.004768051185547823,0.0047071255982450615,0.01831463317316205,0.038011829655643,0.006612438683007866,0.009725105761996911
0.010824100176033068,0.015159486975161418,0.00711881345734213,0.010629407909698688,0.0071475151361247505,0.013908149238491452,0.007345756087658521,0.008652060503085002,0.009335623863694307,0.0159163000169818,0.0065524038206376724,0.00866475077215298,0.009303282004429526,0.009387858034308557,0.01831325078409683,0.0031868115381766212,0.02721540308261471,0.008657168964398552,0.006057835926302893,0.005075611076208187,0.005032102244188388,0.018996746934488076,0.039649325227043605,0.00689625064803561,0.010303867604329286
0.010685618809094773,0.015119587041428413,0.007182387386220859,0.01090990666129111,0.007240865814060981,0.014131785708354442,0.007481858180201015,0.008699462187754034,0.009316011365582355,0.015715005109181314,0.006593153729825822,0.00876495879490326,0.009420730190010796,0.009326374051034887,0.01866970233907268,0.003265691266021624,0.026871751103853415,0.00872134886610999,0.006083024333938416,0.005149171869650358,0.0051210758824646084,0.01865502909987356,0.03942278008872623,0.006834579265699559,0.010421265453617289
0.010637361021768415,0.015218625710003611,0.007316275148408262,0.011321102274624715,0.007412853913955836,0.014492019106736344,0.007709925287683211,0.008822291794594936,0.009372008670840476,0.015665177994820586,0.006696449985829174,0.008949330424849342,0.009628796928923928,0.009339906304288458,0.01922079521704889,0.003415933597415298,0.02686506791013532,0.008863454705313948,0.006165012952202185,0.0052950950663008586,0.005288434956806784,0.018513534910596235,0.03982645788281301,0.0068251755745866475,0.010634981737436846
0.010367381600307564,0.014907643922109692,0.007306450911486704,0.011438892254459635,0.007433695292778043,0.014449789779598007,0.007771951265272551,0.008762247653786024,0.009236341914865968,0.015196010834777127,0.0066752173937092325,0.008939849126077426,0.009620447341116107,0.009167384528489446,0.01914239005233696,0.003503678350748942,0.0257831261202554,0.008819296785225833,0.0061378466639853526,0.005341732461429215,0.005353958453075028,0.017820489015653557,0.03795548739314708,0.006702830264697232,0.010600401678071534
0.00982876141403811,0.014202582407685812,0.007134203370548927,0.011320120007525386,0.007297335209433184,0.014052524031166984,0.007679721500337528,0.00849323742119495,0.008868979233930326,0.01432052819379114,0.006503569979606256,0.00872772761891512,0.009392961386886198,0.008761718722749124,0.01856636347634318,0.0035432910581645145,0.023958175688098104,0.008568081562866441,0.0059714845081615155,0.0052889915474625794,0.00532509330214381,0.016646048029548874,0.03487436227258329,0.006411703016796002,0.010316127569285544
0.009292579757467528,0.013426179226419761,0.006916816460575017,0.01103057442211196,0.007093609329295279,0.013519142028021458,0.007485828744562646,0.008189060669469195,0.008486988580136174,0.01339934503614939,0.006299744724469051,0.008453568583694403,0.009094220406253841,0.00835257289258218,0.017755287622056207,0.0034642525989333497,0.02187310956487728,0.00827371905837544,0.005781157544126439,0.005156158189048694,0.005197891065861573,0.015401834650104883,0.03103514441790938,0.006132355300255814,0.00995979590074301
0.009176298781988603,0.013268574902658118,0.00701793804687961,0.011252157989593975,0.007217020863697361,0.01360975331245746,0.007636867896184807,0.008258641979645702,0.008488876658491799,0.0131012169436238,0.006386197364948214,0.008567542490214864,0.009213263177610394,0.00832006779117355,0.01777621655858479,0.003539118106119187,0.020909296093730878,0.00835791532029972,0.00585772401051689,0.005260350029788896,0.005308460016885856,0.01489874542991108,0.029004798894192486,0.006129535233396582,0.010060143848483999
0.00901430781931582,0.013029275616383784,0.007021228803968486,0.011288824544625327,0.007221722257121352,0.013567681334149068,0.007640841081854756,0.008246099412201337,0.008430059228997889,0.012738199976952445,0.006386443190772524,0.008573767991549774,0.009219638406414809,0.008236322766345621,0.017636030423508104,0.0034796110398480863,0.019860968321617573,0.008352330141725291,0.005855986563067582,0.0052359396006814675,0.0052778894349512166,0.014330443995179692,0.02694880915868088,0.006087664154011326,0.010053147845791383
