	A[C>A]A	A[C>A]C	A[C>A]G	A[C>A]T	A[C>G]A	A[C>G]C	A[C>G]G	A[C>G]T	A[C>T]A	A[C>T]C	A[C>T]G	A[C>T]T	A[T>A]A	A[T>A]C	A[T>A]G	A[T>A]T	A[T>C]A	A[T>C]C	A[T>C]G	A[T>C]T	A[T>G]A	A[T>G]C	A[T>G]G	A[T>G]T	C[C>A]A	C[C>A]C	C[C>A]G	C[C>A]T	C[C>G]A	C[C>G]C	C[C>G]G	C[C>G]T	C[C>T]A	C[C>T]C	C[C>T]G	C[C>T]T	C[T>A]A	C[T>A]C	C[T>A]G	C[T>A]T	C[T>C]A	C[T>C]C	C[T>C]G	C[T>C]T	C[T>G]A	C[T>G]C	C[T>G]G	C[T>G]T	G[C>A]A	G[C>A]C	G[C>A]G	G[C>A]T	G[C>G]A	G[C>G]C	G[C>G]G	G[C>G]T	G[C>T]A	G[C>T]C	G[C>T]G	G[C>T]T	G[T>A]A	G[T>A]C	G[T>A]G	G[T>A]T	G[T>C]A	G[T>C]C	G[T>C]G	G[T>C]T	G[T>G]A	G[T>G]C	G[T>G]G	G[T>G]T	T[C>A]A	T[C>A]C	T[C>A]G	T[C>A]T	T[C>G]A	T[C>G]C	T[C>G]G	T[C>G]T	T[C>T]A	T[C>T]C	T[C>T]G	T[C>T]T	T[T>A]A	T[T>A]C	T[T>A]G	T[T>A]T	T[T>C]A	T[T>C]C	T[T>C]G	T[T>C]T	T[T>G]A	T[T>G]C	T[T>G]G	T[T>G]T
A[C>A]A	0	1	1	1	1	2	2	2	1	2	2	2	1	2	2	2	2	3	3	3	2	3	3	3	1	2	2	2	2	3	3	3	2	3	3	3	2	3	3	3	3	4	4	4	3	4	4	4	1	2	2	2	2	3	3	3	2	3	3	3	2	3	3	3	3	4	4	4	3	4	4	4	1	2	2	2	2	3	3	3	2	3	3	3	2	3	3	3	3	4	4	4	3	4	4	4
A[C>A]C	1	0	1	1	2	1	2	2	2	1	2	2	2	1	2	2	3	2	3	3	3	2	3	3	2	1	2	2	3	2	3	3	3	2	3	3	3	2	3	3	4	3	4	4	4	3	4	4	2	1	2	2	3	2	3	3	3	2	3	3	3	2	3	3	4	3	4	4	4	3	4	4	2	1	2	2	3	2	3	3	3	2	3	3	3	2	3	3	4	3	4	4	4	3	4	4
A[C>A]G	1	1	0	1	2	2	1	2	2	2	1	2	2	2	1	2	3	3	2	3	3	3	2	3	2	2	1	2	3	3	2	3	3	3	2	3	3	3	2	3	4	4	3	4	4	4	3	4	2	2	1	2	3	3	2	3	3	3	2	3	3	3	2	3	4	4	3	4	4	4	3	4	2	2	1	2	3	3	2	3	3	3	2	3	3	3	2	3	4	4	3	4	4	4	3	4
A[C>A]T	1	1	1	0	2	2	2	1	2	2	2	1	2	2	2	1	3	3	3	2	3	3	3	2	2	2	2	1	3	3	3	2	3	3	3	2	3	3	3	2	4	4	4	3	4	4	4	3	2	2	2	1	3	3	3	2	3	3	3	2	3	3	3	2	4	4	4	3	4	4	4	3	2	2	2	1	3	3	3	2	3	3	3	2	3	3	3	2	4	4	4	3	4	4	4	3
A[C>G]A	1	2	2	2	0	1	1	1	1	2	2	2	2	3	3	3	2	3	3	3	1	2	2	2	2	3	3	3	1	2	2	2	2	3	3	3	3	4	4	4	3	4	4	4	2	3	3	3	2	3	3	3	1	2	2	2	2	3	3	3	3	4	4	4	3	4	4	4	2	3	3	3	2	3	3	3	1	2	2	2	2	3	3	3	3	4	4	4	3	4	4	4	2	3	3	3
A[C>G]C	2	1	2	2	1	0	1	1	2	1	2	2	3	2	3	3	3	2	3	3	2	1	2	2	3	2	3	3	2	1	2	2	3	2	3	3	4	3	4	4	4	3	4	4	3	2	3	3	3	2	3	3	2	1	2	2	3	2	3	3	4	3	4	4	4	3	4	4	3	2	3	3	3	2	3	3	2	1	2	2	3	2	3	3	4	3	4	4	4	3	4	4	3	2	3	3
A[C>G]G	2	2	1	2	1	1	0	1	2	2	1	2	3	3	2	3	3	3	2	3	2	2	1	2	3	3	2	3	2	2	1	2	3	3	2	3	4	4	3	4	4	4	3	4	3	3	2	3	3	3	2	3	2	2	1	2	3	3	2	3	4	4	3	4	4	4	3	4	3	3	2	3	3	3	2	3	2	2	1	2	3	3	2	3	4	4	3	4	4	4	3	4	3	3	2	3
A[C>G]T	2	2	2	1	1	1	1	0	2	2	2	1	3	3	3	2	3	3	3	2	2	2	2	1	3	3	3	2	2	2	2	1	3	3	3	2	4	4	4	3	4	4	4	3	3	3	3	2	3	3	3	2	2	2	2	1	3	3	3	2	4	4	4	3	4	4	4	3	3	3	3	2	3	3	3	2	2	2	2	1	3	3	3	2	4	4	4	3	4	4	4	3	3	3	3	2
A[C>T]A	1	2	2	2	1	2	2	2	0	1	1	1	2	3	3	3	2	3	3	3	2	3	3	3	2	3	3	3	2	3	3	3	1	2	2	2	3	4	4	4	3	4	4	4	3	4	4	4	2	3	3	3	2	3	3	3	1	2	2	2	3	4	4	4	3	4	4	4	3	4	4	4	2	3	3	3	2	3	3	3	1	2	2	2	3	4	4	4	3	4	4	4	3	4	4	4
A[C>T]C	2	1	2	2	2	1	2	2	1	0	1	1	3	2	3	3	3	2	3	3	3	2	3	3	3	2	3	3	3	2	3	3	2	1	2	2	4	3	4	4	4	3	4	4	4	3	4	4	3	2	3	3	3	2	3	3	2	1	2	2	4	3	4	4	4	3	4	4	4	3	4	4	3	2	3	3	3	2	3	3	2	1	2	2	4	3	4	4	4	3	4	4	4	3	4	4
A[C>T]G	2	2	1	2	2	2	1	2	1	1	0	1	3	3	2	3	3	3	2	3	3	3	2	3	3	3	2	3	3	3	2	3	2	2	1	2	4	4	3	4	4	4	3	4	4	4	3	4	3	3	2	3	3	3	2	3	2	2	1	2	4	4	3	4	4	4	3	4	4	4	3	4	3	3	2	3	3	3	2	3	2	2	1	2	4	4	3	4	4	4	3	4	4	4	3	4
A[C>T]T	2	2	2	1	2	2	2	1	1	1	1	0	3	3	3	2	3	3	3	2	3	3	3	2	3	3	3	2	3	3	3	2	2	2	2	1	4	4	4	3	4	4	4	3	4	4	4	3	3	3	3	2	3	3	3	2	2	2	2	1	4	4	4	3	4	4	4	3	4	4	4	3	3	3	3	2	3	3	3	2	2	2	2	1	4	4	4	3	4	4	4	3	4	4	4	3
A[T>A]A	1	2	2	2	2	3	3	3	2	3	3	3	0	1	1	1	1	2	2	2	1	2	2	2	2	3	3	3	3	4	4	4	3	4	4	4	1	2	2	2	2	3	3	3	2	3	3	3	2	3	3	3	3	4	4	4	3	4	4	4	1	2	2	2	2	3	3	3	2	3	3	3	2	3	3	3	3	4	4	4	3	4	4	4	1	2	2	2	2	3	3	3	2	3	3	3
A[T>A]C	2	1	2	2	3	2	3	3	3	2	3	3	1	0	1	1	2	1	2	2	2	1	2	2	3	2	3	3	4	3	4	4	4	3	4	4	2	1	2	2	3	2	3	3	3	2	3	3	3	2	3	3	4	3	4	4	4	3	4	4	2	1	2	2	3	2	3	3	3	2	3	3	3	2	3	3	4	3	4	4	4	3	4	4	2	1	2	2	3	2	3	3	3	2	3	3
A[T>A]G	2	2	1	2	3	3	2	3	3	3	2	3	1	1	0	1	2	2	1	2	2	2	1	2	3	3	2	3	4	4	3	4	4	4	3	4	2	2	1	2	3	3	2	3	3	3	2	3	3	3	2	3	4	4	3	4	4	4	3	4	2	2	1	2	3	3	2	3	3	3	2	3	3	3	2	3	4	4	3	4	4	4	3	4	2	2	1	2	3	3	2	3	3	3	2	3
A[T>A]T	2	2	2	1	3	3	3	2	3	3	3	2	1	1	1	0	2	2	2	1	2	2	2	1	3	3	3	2	4	4	4	3	4	4	4	3	2	2	2	1	3	3	3	2	3	3	3	2	3	3	3	2	4	4	4	3	4	4	4	3	2	2	2	1	3	3	3	2	3	3	3	2	3	3	3	2	4	4	4	3	4	4	4	3	2	2	2	1	3	3	3	2	3	3	3	2
A[T>C]A	2	3	3	3	2	3	3	3	2	3	3	3	1	2	2	2	0	1	1	1	1	2	2	2	3	4	4	4	3	4	4	4	3	4	4	4	2	3	3	3	1	2	2	2	2	3	3	3	3	4	4	4	3	4	4	4	3	4	4	4	2	3	3	3	1	2	2	2	2	3	3	3	3	4	4	4	3	4	4	4	3	4	4	4	2	3	3	3	1	2	2	2	2	3	3	3
A[T>C]C	3	2	3	3	3	2	3	3	3	2	3	3	2	1	2	2	1	0	1	1	2	1	2	2	4	3	4	4	4	3	4	4	4	3	4	4	3	2	3	3	2	1	2	2	3	2	3	3	4	3	4	4	4	3	4	4	4	3	4	4	3	2	3	3	2	1	2	2	3	2	3	3	4	3	4	4	4	3	4	4	4	3	4	4	3	2	3	3	2	1	2	2	3	2	3	3
A[T>C]G	3	3	2	3	3	3	2	3	3	3	2	3	2	2	1	2	1	1	0	1	2	2	1	2	4	4	3	4	4	4	3	4	4	4	3	4	3	3	2	3	2	2	1	2	3	3	2	3	4	4	3	4	4	4	3	4	4	4	3	4	3	3	2	3	2	2	1	2	3	3	2	3	4	4	3	4	4	4	3	4	4	4	3	4	3	3	2	3	2	2	1	2	3	3	2	3
A[T>C]T	3	3	3	2	3	3	3	2	3	3	3	2	2	2	2	1	1	1	1	0	2	2	2	1	4	4	4	3	4	4	4	3	4	4	4	3	3	3	3	2	2	2	2	1	3	3	3	2	4	4	4	3	4	4	4	3	4	4	4	3	3	3	3	2	2	2	2	1	3	3	3	2	4	4	4	3	4	4	4	3	4	4	4	3	3	3	3	2	2	2	2	1	3	3	3	2
A[T>G]A	2	3	3	3	1	2	2	2	2	3	3	3	1	2	2	2	1	2	2	2	0	1	1	1	3	4	4	4	2	3	3	3	3	4	4	4	2	3	3	3	2	3	3	3	1	2	2	2	3	4	4	4	2	3	3	3	3	4	4	4	2	3	3	3	2	3	3	3	1	2	2	2	3	4	4	4	2	3	3	3	3	4	4	4	2	3	3	3	2	3	3	3	1	2	2	2
A[T>G]C	3	2	3	3	2	1	2	2	3	2	3	3	2	1	2	2	2	1	2	2	1	0	1	1	4	3	4	4	3	2	3	3	4	3	4	4	3	2	3	3	3	2	3	3	2	1	2	2	4	3	4	4	3	2	3	3	4	3	4	4	3	2	3	3	3	2	3	3	2	1	2	2	4	3	4	4	3	2	3	3	4	3	4	4	3	2	3	3	3	2	3	3	2	1	2	2
A[T>G]G	3	3	2	3	2	2	1	2	3	3	2	3	2	2	1	2	2	2	1	2	1	1	0	1	4	4	3	4	3	3	2	3	4	4	3	4	3	3	2	3	3	3	2	3	2	2	1	2	4	4	3	4	3	3	2	3	4	4	3	4	3	3	2	3	3	3	2	3	2	2	1	2	4	4	3	4	3	3	2	3	4	4	3	4	3	3	2	3	3	3	2	3	2	2	1	2
A[T>G]T	3	3	3	2	2	2	2	1	3	3	3	2	2	2	2	1	2	2	2	1	1	1	1	0	4	4	4	3	3	3	3	2	4	4	4	3	3	3	3	2	3	3	3	2	2	2	2	1	4	4	4	3	3	3	3	2	4	4	4	3	3	3	3	2	3	3	3	2	2	2	2	1	4	4	4	3	3	3	3	2	4	4	4	3	3	3	3	2	3	3	3	2	2	2	2	1
C[C>A]A	1	2	2	2	2	3	3	3	2	3	3	3	2	3	3	3	3	4	4	4	3	4	4	4	0	1	1	1	1	2	2	2	1	2	2	2	1	2	2	2	2	3	3	3	2	3	3	3	1	2	2	2	2	3	3	3	2	3	3	3	2	3	3	3	3	4	4	4	3	4	4	4	1	2	2	2	2	3	3	3	2	3	3	3	2	3	3	3	3	4	4	4	3	4	4	4
C[C>A]C	2	1	2	2	3	2	3	3	3	2	3	3	3	2	3	3	4	3	4	4	4	3	4	4	1	0	1	1	2	1	2	2	2	1	2	2	2	1	2	2	3	2	3	3	3	2	3	3	2	1	2	2	3	2	3	3	3	2	3	3	3	2	3	3	4	3	4	4	4	3	4	4	2	1	2	2	3	2	3	3	3	2	3	3	3	2	3	3	4	3	4	4	4	3	4	4
C[C>A]G	2	2	1	2	3	3	2	3	3	3	2	3	3	3	2	3	4	4	3	4	4	4	3	4	1	1	0	1	2	2	1	2	2	2	1	2	2	2	1	2	3	3	2	3	3	3	2	3	2	2	1	2	3	3	2	3	3	3	2	3	3	3	2	3	4	4	3	4	4	4	3	4	2	2	1	2	3	3	2	3	3	3	2	3	3	3	2	3	4	4	3	4	4	4	3	4
C[C>A]T	2	2	2	1	3	3	3	2	3	3	3	2	3	3	3	2	4	4	4	3	4	4	4	3	1	1	1	0	2	2	2	1	2	2	2	1	2	2	2	1	3	3	3	2	3	3	3	2	2	2	2	1	3	3	3	2	3	3	3	2	3	3	3	2	4	4	4	3	4	4	4	3	2	2	2	1	3	3	3	2	3	3	3	2	3	3	3	2	4	4	4	3	4	4	4	3
C[C>G]A	2	3	3	3	1	2	2	2	2	3	3	3	3	4	4	4	3	4	4	4	2	3	3	3	1	2	2	2	0	1	1	1	1	2	2	2	2	3	3	3	2	3	3	3	1	2	2	2	2	3	3	3	1	2	2	2	2	3	3	3	3	4	4	4	3	4	4	4	2	3	3	3	2	3	3	3	1	2	2	2	2	3	3	3	3	4	4	4	3	4	4	4	2	3	3	3
C[C>G]C	3	2	3	3	2	1	2	2	3	2	3	3	4	3	4	4	4	3	4	4	3	2	3	3	2	1	2	2	1	0	1	1	2	1	2	2	3	2	3	3	3	2	3	3	2	1	2	2	3	2	3	3	2	1	2	2	3	2	3	3	4	3	4	4	4	3	4	4	3	2	3	3	3	2	3	3	2	1	2	2	3	2	3	3	4	3	4	4	4	3	4	4	3	2	3	3
C[C>G]G	3	3	2	3	2	2	1	2	3	3	2	3	4	4	3	4	4	4	3	4	3	3	2	3	2	2	1	2	1	1	0	1	2	2	1	2	3	3	2	3	3	3	2	3	2	2	1	2	3	3	2	3	2	2	1	2	3	3	2	3	4	4	3	4	4	4	3	4	3	3	2	3	3	3	2	3	2	2	1	2	3	3	2	3	4	4	3	4	4	4	3	4	3	3	2	3
C[C>G]T	3	3	3	2	2	2	2	1	3	3	3	2	4	4	4	3	4	4	4	3	3	3	3	2	2	2	2	1	1	1	1	0	2	2	2	1	3	3	3	2	3	3	3	2	2	2	2	1	3	3	3	2	2	2	2	1	3	3	3	2	4	4	4	3	4	4	4	3	3	3	3	2	3	3	3	2	2	2	2	1	3	3	3	2	4	4	4	3	4	4	4	3	3	3	3	2
C[C>T]A	2	3	3	3	2	3	3	3	1	2	2	2	3	4	4	4	3	4	4	4	3	4	4	4	1	2	2	2	1	2	2	2	0	1	1	1	2	3	3	3	2	3	3	3	2	3	3	3	2	3	3	3	2	3	3	3	1	2	2	2	3	4	4	4	3	4	4	4	3	4	4	4	2	3	3	3	2	3	3	3	1	2	2	2	3	4	4	4	3	4	4	4	3	4	4	4
C[C>T]C	3	2	3	3	3	2	3	3	2	1	2	2	4	3	4	4	4	3	4	4	4	3	4	4	2	1	2	2	2	1	2	2	1	0	1	1	3	2	3	3	3	2	3	3	3	2	3	3	3	2	3	3	3	2	3	3	2	1	2	2	4	3	4	4	4	3	4	4	4	3	4	4	3	2	3	3	3	2	3	3	2	1	2	2	4	3	4	4	4	3	4	4	4	3	4	4
C[C>T]G	3	3	2	3	3	3	2	3	2	2	1	2	4	4	3	4	4	4	3	4	4	4	3	4	2	2	1	2	2	2	1	2	1	1	0	1	3	3	2	3	3	3	2	3	3	3	2	3	3	3	2	3	3	3	2	3	2	2	1	2	4	4	3	4	4	4	3	4	4	4	3	4	3	3	2	3	3	3	2	3	2	2	1	2	4	4	3	4	4	4	3	4	4	4	3	4
C[C>T]T	3	3	3	2	3	3	3	2	2	2	2	1	4	4	4	3	4	4	4	3	4	4	4	3	2	2	2	1	2	2	2	1	1	1	1	0	3	3	3	2	3	3	3	2	3	3	3	2	3	3	3	2	3	3	3	2	2	2	2	1	4	4	4	3	4	4	4	3	4	4	4	3	3	3	3	2	3	3	3	2	2	2	2	1	4	4	4	3	4	4	4	3	4	4	4	3
C[T>A]A	2	3	3	3	3	4	4	4	3	4	4	4	1	2	2	2	2	3	3	3	2	3	3	3	1	2	2	2	2	3	3	3	2	3	3	3	0	1	1	1	1	2	2	2	1	2	2	2	2	3	3	3	3	4	4	4	3	4	4	4	1	2	2	2	2	3	3	3	2	3	3	3	2	3	3	3	3	4	4	4	3	4	4	4	1	2	2	2	2	3	3	3	2	3	3	3
C[T>A]C	3	2	3	3	4	3	4	4	4	3	4	4	2	1	2	2	3	2	3	3	3	2	3	3	2	1	2	2	3	2	3	3	3	2	3	3	1	0	1	1	2	1	2	2	2	1	2	2	3	2	3	3	4	3	4	4	4	3	4	4	2	1	2	2	3	2	3	3	3	2	3	3	3	2	3	3	4	3	4	4	4	3	4	4	2	1	2	2	3	2	3	3	3	2	3	3
C[T>A]G	3	3	2	3	4	4	3	4	4	4	3	4	2	2	1	2	3	3	2	3	3	3	2	3	2	2	1	2	3	3	2	3	3	3	2	3	1	1	0	1	2	2	1	2	2	2	1	2	3	3	2	3	4	4	3	4	4	4	3	4	2	2	1	2	3	3	2	3	3	3	2	3	3	3	2	3	4	4	3	4	4	4	3	4	2	2	1	2	3	3	2	3	3	3	2	3
C[T>A]T	3	3	3	2	4	4	4	3	4	4	4	3	2	2	2	1	3	3	3	2	3	3	3	2	2	2	2	1	3	3	3	2	3	3	3	2	1	1	1	0	2	2	2	1	2	2	2	1	3	3	3	2	4	4	4	3	4	4	4	3	2	2	2	1	3	3	3	2	3	3	3	2	3	3	3	2	4	4	4	3	4	4	4	3	2	2	2	1	3	3	3	2	3	3	3	2
C[T>C]A	3	4	4	4	3	4	4	4	3	4	4	4	2	3	3	3	1	2	2	2	2	3	3	3	2	3	3	3	2	3	3	3	2	3	3	3	1	2	2	2	0	1	1	1	1	2	2	2	3	4	4	4	3	4	4	4	3	4	4	4	2	3	3	3	1	2	2	2	2	3	3	3	3	4	4	4	3	4	4	4	3	4	4	4	2	3	3	3	1	2	2	2	2	3	3	3
C[T>C]C	4	3	4	4	4	3	4	4	4	3	4	4	3	2	3	3	2	1	2	2	3	2	3	3	3	2	3	3	3	2	3	3	3	2	3	3	2	1	2	2	1	0	1	1	2	1	2	2	4	3	4	4	4	3	4	4	4	3	4	4	3	2	3	3	2	1	2	2	3	2	3	3	4	3	4	4	4	3	4	4	4	3	4	4	3	2	3	3	2	1	2	2	3	2	3	3
C[T>C]G	4	4	3	4	4	4	3	4	4	4	3	4	3	3	2	3	2	2	1	2	3	3	2	3	3	3	2	3	3	3	2	3	3	3	2	3	2	2	1	2	1	1	0	1	2	2	1	2	4	4	3	4	4	4	3	4	4	4	3	4	3	3	2	3	2	2	1	2	3	3	2	3	4	4	3	4	4	4	3	4	4	4	3	4	3	3	2	3	2	2	1	2	3	3	2	3
C[T>C]T	4	4	4	3	4	4	4	3	4	4	4	3	3	3	3	2	2	2	2	1	3	3	3	2	3	3	3	2	3	3	3	2	3	3	3	2	2	2	2	1	1	1	1	0	2	2	2	1	4	4	4	3	4	4	4	3	4	4	4	3	3	3	3	2	2	2	2	1	3	3	3	2	4	4	4	3	4	4	4	3	4	4	4	3	3	3	3	2	2	2	2	1	3	3	3	2
C[T>G]A	3	4	4	4	2	3	3	3	3	4	4	4	2	3	3	3	2	3	3	3	1	2	2	2	2	3	3	3	1	2	2	2	2	3	3	3	1	2	2	2	1	2	2	2	0	1	1	1	3	4	4	4	2	3	3	3	3	4	4	4	2	3	3	3	2	3	3	3	1	2	2	2	3	4	4	4	2	3	3	3	3	4	4	4	2	3	3	3	2	3	3	3	1	2	2	2
C[T>G]C	4	3	4	4	3	2	3	3	4	3	4	4	3	2	3	3	3	2	3	3	2	1	2	2	3	2	3	3	2	1	2	2	3	2	3	3	2	1	2	2	2	1	2	2	1	0	1	1	4	3	4	4	3	2	3	3	4	3	4	4	3	2	3	3	3	2	3	3	2	1	2	2	4	3	4	4	3	2	3	3	4	3	4	4	3	2	3	3	3	2	3	3	2	1	2	2
C[T>G]G	4	4	3	4	3	3	2	3	4	4	3	4	3	3	2	3	3	3	2	3	2	2	1	2	3	3	2	3	2	2	1	2	3	3	2	3	2	2	1	2	2	2	1	2	1	1	0	1	4	4	3	4	3	3	2	3	4	4	3	4	3	3	2	3	3	3	2	3	2	2	1	2	4	4	3	4	3	3	2	3	4	4	3	4	3	3	2	3	3	3	2	3	2	2	1	2
C[T>G]T	4	4	4	3	3	3	3	2	4	4	4	3	3	3	3	2	3	3	3	2	2	2	2	1	3	3	3	2	2	2	2	1	3	3	3	2	2	2	2	1	2	2	2	1	1	1	1	0	4	4	4	3	3	3	3	2	4	4	4	3	3	3	3	2	3	3	3	2	2	2	2	1	4	4	4	3	3	3	3	2	4	4	4	3	3	3	3	2	3	3	3	2	2	2	2	1
G[C>A]A	1	2	2	2	2	3	3	3	2	3	3	3	2	3	3	3	3	4	4	4	3	4	4	4	1	2	2	2	2	3	3	3	2	3	3	3	2	3	3	3	3	4	4	4	3	4	4	4	0	1	1	1	1	2	2	2	1	2	2	2	1	2	2	2	2	3	3	3	2	3	3	3	1	2	2	2	2	3	3	3	2	3	3	3	2	3	3	3	3	4	4	4	3	4	4	4
G[C>A]C	2	1	2	2	3	2	3	3	3	2	3	3	3	2	3	3	4	3	4	4	4	3	4	4	2	1	2	2	3	2	3	3	3	2	3	3	3	2	3	3	4	3	4	4	4	3	4	4	1	0	1	1	2	1	2	2	2	1	2	2	2	1	2	2	3	2	3	3	3	2	3	3	2	1	2	2	3	2	3	3	3	2	3	3	3	2	3	3	4	3	4	4	4	3	4	4
G[C>A]G	2	2	1	2	3	3	2	3	3	3	2	3	3	3	2	3	4	4	3	4	4	4	3	4	2	2	1	2	3	3	2	3	3	3	2	3	3	3	2	3	4	4	3	4	4	4	3	4	1	1	0	1	2	2	1	2	2	2	1	2	2	2	1	2	3	3	2	3	3	3	2	3	2	2	1	2	3	3	2	3	3	3	2	3	3	3	2	3	4	4	3	4	4	4	3	4
G[C>A]T	2	2	2	1	3	3	3	2	3	3	3	2	3	3	3	2	4	4	4	3	4	4	4	3	2	2	2	1	3	3	3	2	3	3	3	2	3	3	3	2	4	4	4	3	4	4	4	3	1	1	1	0	2	2	2	1	2	2	2	1	2	2	2	1	3	3	3	2	3	3	3	2	2	2	2	1	3	3	3	2	3	3	3	2	3	3	3	2	4	4	4	3	4	4	4	3
G[C>G]A	2	3	3	3	1	2	2	2	2	3	3	3	3	4	4	4	3	4	4	4	2	3	3	3	2	3	3	3	1	2	2	2	2	3	3	3	3	4	4	4	3	4	4	4	2	3	3	3	1	2	2	2	0	1	1	1	1	2	2	2	2	3	3	3	2	3	3	3	1	2	2	2	2	3	3	3	1	2	2	2	2	3	3	3	3	4	4	4	3	4	4	4	2	3	3	3
G[C>G]C	3	2	3	3	2	1	2	2	3	2	3	3	4	3	4	4	4	3	4	4	3	2	3	3	3	2	3	3	2	1	2	2	3	2	3	3	4	3	4	4	4	3	4	4	3	2	3	3	2	1	2	2	1	0	1	1	2	1	2	2	3	2	3	3	3	2	3	3	2	1	2	2	3	2	3	3	2	1	2	2	3	2	3	3	4	3	4	4	4	3	4	4	3	2	3	3
G[C>G]G	3	3	2	3	2	2	1	2	3	3	2	3	4	4	3	4	4	4	3	4	3	3	2	3	3	3	2	3	2	2	1	2	3	3	2	3	4	4	3	4	4	4	3	4	3	3	2	3	2	2	1	2	1	1	0	1	2	2	1	2	3	3	2	3	3	3	2	3	2	2	1	2	3	3	2	3	2	2	1	2	3	3	2	3	4	4	3	4	4	4	3	4	3	3	2	3
G[C>G]T	3	3	3	2	2	2	2	1	3	3	3	2	4	4	4	3	4	4	4	3	3	3	3	2	3	3	3	2	2	2	2	1	3	3	3	2	4	4	4	3	4	4	4	3	3	3	3	2	2	2	2	1	1	1	1	0	2	2	2	1	3	3	3	2	3	3	3	2	2	2	2	1	3	3	3	2	2	2	2	1	3	3	3	2	4	4	4	3	4	4	4	3	3	3	3	2
G[C>T]A	2	3	3	3	2	3	3	3	1	2	2	2	3	4	4	4	3	4	4	4	3	4	4	4	2	3	3	3	2	3	3	3	1	2	2	2	3	4	4	4	3	4	4	4	3	4	4	4	1	2	2	2	1	2	2	2	0	1	1	1	2	3	3	3	2	3	3	3	2	3	3	3	2	3	3	3	2	3	3	3	1	2	2	2	3	4	4	4	3	4	4	4	3	4	4	4
G[C>T]C	3	2	3	3	3	2	3	3	2	1	2	2	4	3	4	4	4	3	4	4	4	3	4	4	3	2	3	3	3	2	3	3	2	1	2	2	4	3	4	4	4	3	4	4	4	3	4	4	2	1	2	2	2	1	2	2	1	0	1	1	3	2	3	3	3	2	3	3	3	2	3	3	3	2	3	3	3	2	3	3	2	1	2	2	4	3	4	4	4	3	4	4	4	3	4	4
G[C>T]G	3	3	2	3	3	3	2	3	2	2	1	2	4	4	3	4	4	4	3	4	4	4	3	4	3	3	2	3	3	3	2	3	2	2	1	2	4	4	3	4	4	4	3	4	4	4	3	4	2	2	1	2	2	2	1	2	1	1	0	1	3	3	2	3	3	3	2	3	3	3	2	3	3	3	2	3	3	3	2	3	2	2	1	2	4	4	3	4	4	4	3	4	4	4	3	4
G[C>T]T	3	3	3	2	3	3	3	2	2	2	2	1	4	4	4	3	4	4	4	3	4	4	4	3	3	3	3	2	3	3	3	2	2	2	2	1	4	4	4	3	4	4	4	3	4	4	4	3	2	2	2	1	2	2	2	1	1	1	1	0	3	3	3	2	3	3	3	2	3	3	3	2	3	3	3	2	3	3	3	2	2	2	2	1	4	4	4	3	4	4	4	3	4	4	4	3
G[T>A]A	2	3	3	3	3	4	4	4	3	4	4	4	1	2	2	2	2	3	3	3	2	3	3	3	2	3	3	3	3	4	4	4	3	4	4	4	1	2	2	2	2	3	3	3	2	3	3	3	1	2	2	2	2	3	3	3	2	3	3	3	0	1	1	1	1	2	2	2	1	2	2	2	2	3	3	3	3	4	4	4	3	4	4	4	1	2	2	2	2	3	3	3	2	3	3	3
G[T>A]C	3	2	3	3	4	3	4	4	4	3	4	4	2	1	2	2	3	2	3	3	3	2	3	3	3	2	3	3	4	3	4	4	4	3	4	4	2	1	2	2	3	2	3	3	3	2	3	3	2	1	2	2	3	2	3	3	3	2	3	3	1	0	1	1	2	1	2	2	2	1	2	2	3	2	3	3	4	3	4	4	4	3	4	4	2	1	2	2	3	2	3	3	3	2	3	3
G[T>A]G	3	3	2	3	4	4	3	4	4	4	3	4	2	2	1	2	3	3	2	3	3	3	2	3	3	3	2	3	4	4	3	4	4	4	3	4	2	2	1	2	3	3	2	3	3	3	2	3	2	2	1	2	3	3	2	3	3	3	2	3	1	1	0	1	2	2	1	2	2	2	1	2	3	3	2	3	4	4	3	4	4	4	3	4	2	2	1	2	3	3	2	3	3	3	2	3
G[T>A]T	3	3	3	2	4	4	4	3	4	4	4	3	2	2	2	1	3	3	3	2	3	3	3	2	3	3	3	2	4	4	4	3	4	4	4	3	2	2	2	1	3	3	3	2	3	3	3	2	2	2	2	1	3	3	3	2	3	3	3	2	1	1	1	0	2	2	2	1	2	2	2	1	3	3	3	2	4	4	4	3	4	4	4	3	2	2	2	1	3	3	3	2	3	3	3	2
G[T>C]A	3	4	4	4	3	4	4	4	3	4	4	4	2	3	3	3	1	2	2	2	2	3	3	3	3	4	4	4	3	4	4	4	3	4	4	4	2	3	3	3	1	2	2	2	2	3	3	3	2	3	3	3	2	3	3	3	2	3	3	3	1	2	2	2	0	1	1	1	1	2	2	2	3	4	4	4	3	4	4	4	3	4	4	4	2	3	3	3	1	2	2	2	2	3	3	3
G[T>C]C	4	3	4	4	4	3	4	4	4	3	4	4	3	2	3	3	2	1	2	2	3	2	3	3	4	3	4	4	4	3	4	4	4	3	4	4	3	2	3	3	2	1	2	2	3	2	3	3	3	2	3	3	3	2	3	3	3	2	3	3	2	1	2	2	1	0	1	1	2	1	2	2	4	3	4	4	4	3	4	4	4	3	4	4	3	2	3	3	2	1	2	2	3	2	3	3
G[T>C]G	4	4	3	4	4	4	3	4	4	4	3	4	3	3	2	3	2	2	1	2	3	3	2	3	4	4	3	4	4	4	3	4	4	4	3	4	3	3	2	3	2	2	1	2	3	3	2	3	3	3	2	3	3	3	2	3	3	3	2	3	2	2	1	2	1	1	0	1	2	2	1	2	4	4	3	4	4	4	3	4	4	4	3	4	3	3	2	3	2	2	1	2	3	3	2	3
G[T>C]T	4	4	4	3	4	4	4	3	4	4	4	3	3	3	3	2	2	2	2	1	3	3	3	2	4	4	4	3	4	4	4	3	4	4	4	3	3	3	3	2	2	2	2	1	3	3	3	2	3	3	3	2	3	3	3	2	3	3	3	2	2	2	2	1	1	1	1	0	2	2	2	1	4	4	4	3	4	4	4	3	4	4	4	3	3	3	3	2	2	2	2	1	3	3	3	2
G[T>G]A	3	4	4	4	2	3	3	3	3	4	4	4	2	3	3	3	2	3	3	3	1	2	2	2	3	4	4	4	2	3	3	3	3	4	4	4	2	3	3	3	2	3	3	3	1	2	2	2	2	3	3	3	1	2	2	2	2	3	3	3	1	2	2	2	1	2	2	2	0	1	1	1	3	4	4	4	2	3	3	3	3	4	4	4	2	3	3	3	2	3	3	3	1	2	2	2
G[T>G]C	4	3	4	4	3	2	3	3	4	3	4	4	3	2	3	3	3	2	3	3	2	1	2	2	4	3	4	4	3	2	3	3	4	3	4	4	3	2	3	3	3	2	3	3	2	1	2	2	3	2	3	3	2	1	2	2	3	2	3	3	2	1	2	2	2	1	2	2	1	0	1	1	4	3	4	4	3	2	3	3	4	3	4	4	3	2	3	3	3	2	3	3	2	1	2	2
G[T>G]G	4	4	3	4	3	3	2	3	4	4	3	4	3	3	2	3	3	3	2	3	2	2	1	2	4	4	3	4	3	3	2	3	4	4	3	4	3	3	2	3	3	3	2	3	2	2	1	2	3	3	2	3	2	2	1	2	3	3	2	3	2	2	1	2	2	2	1	2	1	1	0	1	4	4	3	4	3	3	2	3	4	4	3	4	3	3	2	3	3	3	2	3	2	2	1	2
G[T>G]T	4	4	4	3	3	3	3	2	4	4	4	3	3	3	3	2	3	3	3	2	2	2	2	1	4	4	4	3	3	3	3	2	4	4	4	3	3	3	3	2	3	3	3	2	2	2	2	1	3	3	3	2	2	2	2	1	3	3	3	2	2	2	2	1	2	2	2	1	1	1	1	0	4	4	4	3	3	3	3	2	4	4	4	3	3	3	3	2	3	3	3	2	2	2	2	1
T[C>A]A	1	2	2	2	2	3	3	3	2	3	3	3	2	3	3	3	3	4	4	4	3	4	4	4	1	2	2	2	2	3	3	3	2	3	3	3	2	3	3	3	3	4	4	4	3	4	4	4	1	2	2	2	2	3	3	3	2	3	3	3	2	3	3	3	3	4	4	4	3	4	4	4	0	1	1	1	1	2	2	2	1	2	2	2	1	2	2	2	2	3	3	3	2	3	3	3
T[C>A]C	2	1	2	2	3	2	3	3	3	2	3	3	3	2	3	3	4	3	4	4	4	3	4	4	2	1	2	2	3	2	3	3	3	2	3	3	3	2	3	3	4	3	4	4	4	3	4	4	2	1	2	2	3	2	3	3	3	2	3	3	3	2	3	3	4	3	4	4	4	3	4	4	1	0	1	1	2	1	2	2	2	1	2	2	2	1	2	2	3	2	3	3	3	2	3	3
T[C>A]G	2	2	1	2	3	3	2	3	3	3	2	3	3	3	2	3	4	4	3	4	4	4	3	4	2	2	1	2	3	3	2	3	3	3	2	3	3	3	2	3	4	4	3	4	4	4	3	4	2	2	1	2	3	3	2	3	3	3	2	3	3	3	2	3	4	4	3	4	4	4	3	4	1	1	0	1	2	2	1	2	2	2	1	2	2	2	1	2	3	3	2	3	3	3	2	3
T[C>A]T	2	2	2	1	3	3	3	2	3	3	3	2	3	3	3	2	4	4	4	3	4	4	4	3	2	2	2	1	3	3	3	2	3	3	3	2	3	3	3	2	4	4	4	3	4	4	4	3	2	2	2	1	3	3	3	2	3	3	3	2	3	3	3	2	4	4	4	3	4	4	4	3	1	1	1	0	2	2	2	1	2	2	2	1	2	2	2	1	3	3	3	2	3	3	3	2
T[C>G]A	2	3	3	3	1	2	2	2	2	3	3	3	3	4	4	4	3	4	4	4	2	3	3	3	2	3	3	3	1	2	2	2	2	3	3	3	3	4	4	4	3	4	4	4	2	3	3	3	2	3	3	3	1	2	2	2	2	3	3	3	3	4	4	4	3	4	4	4	2	3	3	3	1	2	2	2	0	1	1	1	1	2	2	2	2	3	3	3	2	3	3	3	1	2	2	2
T[C>G]C	3	2	3	3	2	1	2	2	3	2	3	3	4	3	4	4	4	3	4	4	3	2	3	3	3	2	3	3	2	1	2	2	3	2	3	3	4	3	4	4	4	3	4	4	3	2	3	3	3	2	3	3	2	1	2	2	3	2	3	3	4	3	4	4	4	3	4	4	3	2	3	3	2	1	2	2	1	0	1	1	2	1	2	2	3	2	3	3	3	2	3	3	2	1	2	2
T[C>G]G	3	3	2	3	2	2	1	2	3	3	2	3	4	4	3	4	4	4	3	4	3	3	2	3	3	3	2	3	2	2	1	2	3	3	2	3	4	4	3	4	4	4	3	4	3	3	2	3	3	3	2	3	2	2	1	2	3	3	2	3	4	4	3	4	4	4	3	4	3	3	2	3	2	2	1	2	1	1	0	1	2	2	1	2	3	3	2	3	3	3	2	3	2	2	1	2
T[C>G]T	3	3	3	2	2	2	2	1	3	3	3	2	4	4	4	3	4	4	4	3	3	3	3	2	3	3	3	2	2	2	2	1	3	3	3	2	4	4	4	3	4	4	4	3	3	3	3	2	3	3	3	2	2	2	2	1	3	3	3	2	4	4	4	3	4	4	4	3	3	3	3	2	2	2	2	1	1	1	1	0	2	2	2	1	3	3	3	2	3	3	3	2	2	2	2	1
T[C>T]A	2	3	3	3	2	3	3	3	1	2	2	2	3	4	4	4	3	4	4	4	3	4	4	4	2	3	3	3	2	3	3	3	1	2	2	2	3	4	4	4	3	4	4	4	3	4	4	4	2	3	3	3	2	3	3	3	1	2	2	2	3	4	4	4	3	4	4	4	3	4	4	4	1	2	2	2	1	2	2	2	0	1	1	1	2	3	3	3	2	3	3	3	2	3	3	3
T[C>T]C	3	2	3	3	3	2	3	3	2	1	2	2	4	3	4	4	4	3	4	4	4	3	4	4	3	2	3	3	3	2	3	3	2	1	2	2	4	3	4	4	4	3	4	4	4	3	4	4	3	2	3	3	3	2	3	3	2	1	2	2	4	3	4	4	4	3	4	4	4	3	4	4	2	1	2	2	2	1	2	2	1	0	1	1	3	2	3	3	3	2	3	3	3	2	3	3
T[C>T]G	3	3	2	3	3	3	2	3	2	2	1	2	4	4	3	4	4	4	3	4	4	4	3	4	3	3	2	3	3	3	2	3	2	2	1	2	4	4	3	4	4	4	3	4	4	4	3	4	3	3	2	3	3	3	2	3	2	2	1	2	4	4	3	4	4	4	3	4	4	4	3	4	2	2	1	2	2	2	1	2	1	1	0	1	3	3	2	3	3	3	2	3	3	3	2	3
T[C>T]T	3	3	3	2	3	3	3	2	2	2	2	1	4	4	4	3	4	4	4	3	4	4	4	3	3	3	3	2	3	3	3	2	2	2	2	1	4	4	4	3	4	4	4	3	4	4	4	3	3	3	3	2	3	3	3	2	2	2	2	1	4	4	4	3	4	4	4	3	4	4	4	3	2	2	2	1	2	2	2	1	1	1	1	0	3	3	3	2	3	3	3	2	3	3	3	2
T[T>A]A	2	3	3	3	3	4	4	4	3	4	4	4	1	2	2	2	2	3	3	3	2	3	3	3	2	3	3	3	3	4	4	4	3	4	4	4	1	2	2	2	2	3	3	3	2	3	3	3	2	3	3	3	3	4	4	4	3	4	4	4	1	2	2	2	2	3	3	3	2	3	3	3	1	2	2	2	2	3	3	3	2	3	3	3	0	1	1	1	1	2	2	2	1	2	2	2
T[T>A]C	3	2	3	3	4	3	4	4	4	3	4	4	2	1	2	2	3	2	3	3	3	2	3	3	3	2	3	3	4	3	4	4	4	3	4	4	2	1	2	2	3	2	3	3	3	2	3	3	3	2	3	3	4	3	4	4	4	3	4	4	2	1	2	2	3	2	3	3	3	2	3	3	2	1	2	2	3	2	3	3	3	2	3	3	1	0	1	1	2	1	2	2	2	1	2	2
T[T>A]G	3	3	2	3	4	4	3	4	4	4	3	4	2	2	1	2	3	3	2	3	3	3	2	3	3	3	2	3	4	4	3	4	4	4	3	4	2	2	1	2	3	3	2	3	3	3	2	3	3	3	2	3	4	4	3	4	4	4	3	4	2	2	1	2	3	3	2	3	3	3	2	3	2	2	1	2	3	3	2	3	3	3	2	3	1	1	0	1	2	2	1	2	2	2	1	2
T[T>A]T	3	3	3	2	4	4	4	3	4	4	4	3	2	2	2	1	3	3	3	2	3	3	3	2	3	3	3	2	4	4	4	3	4	4	4	3	2	2	2	1	3	3	3	2	3	3	3	2	3	3	3	2	4	4	4	3	4	4	4	3	2	2	2	1	3	3	3	2	3	3	3	2	2	2	2	1	3	3	3	2	3	3	3	2	1	1	1	0	2	2	2	1	2	2	2	1
T[T>C]A	3	4	4	4	3	4	4	4	3	4	4	4	2	3	3	3	1	2	2	2	2	3	3	3	3	4	4	4	3	4	4	4	3	4	4	4	2	3	3	3	1	2	2	2	2	3	3	3	3	4	4	4	3	4	4	4	3	4	4	4	2	3	3	3	1	2	2	2	2	3	3	3	2	3	3	3	2	3	3	3	2	3	3	3	1	2	2	2	0	1	1	1	1	2	2	2
T[T>C]C	4	3	4	4	4	3	4	4	4	3	4	4	3	2	3	3	2	1	2	2	3	2	3	3	4	3	4	4	4	3	4	4	4	3	4	4	3	2	3	3	2	1	2	2	3	2	3	3	4	3	4	4	4	3	4	4	4	3	4	4	3	2	3	3	2	1	2	2	3	2	3	3	3	2	3	3	3	2	3	3	3	2	3	3	2	1	2	2	1	0	1	1	2	1	2	2
T[T>C]G	4	4	3	4	4	4	3	4	4	4	3	4	3	3	2	3	2	2	1	2	3	3	2	3	4	4	3	4	4	4	3	4	4	4	3	4	3	3	2	3	2	2	1	2	3	3	2	3	4	4	3	4	4	4	3	4	4	4	3	4	3	3	2	3	2	2	1	2	3	3	2	3	3	3	2	3	3	3	2	3	3	3	2	3	2	2	1	2	1	1	0	1	2	2	1	2
T[T>C]T	4	4	4	3	4	4	4	3	4	4	4	3	3	3	3	2	2	2	2	1	3	3	3	2	4	4	4	3	4	4	4	3	4	4	4	3	3	3	3	2	2	2	2	1	3	3	3	2	4	4	4	3	4	4	4	3	4	4	4	3	3	3	3	2	2	2	2	1	3	3	3	2	3	3	3	2	3	3	3	2	3	3	3	2	2	2	2	1	1	1	1	0	2	2	2	1
T[T>G]A	3	4	4	4	2	3	3	3	3	4	4	4	2	3	3	3	2	3	3	3	1	2	2	2	3	4	4	4	2	3	3	3	3	4	4	4	2	3	3	3	2	3	3	3	1	2	2	2	3	4	4	4	2	3	3	3	3	4	4	4	2	3	3	3	2	3	3	3	1	2	2	2	2	3	3	3	1	2	2	2	2	3	3	3	1	2	2	2	1	2	2	2	0	1	1	1
T[T>G]C	4	3	4	4	3	2	3	3	4	3	4	4	3	2	3	3	3	2	3	3	2	1	2	2	4	3	4	4	3	2	3	3	4	3	4	4	3	2	3	3	3	2	3	3	2	1	2	2	4	3	4	4	3	2	3	3	4	3	4	4	3	2	3	3	3	2	3	3	2	1	2	2	3	2	3	3	2	1	2	2	3	2	3	3	2	1	2	2	2	1	2	2	1	0	1	1
T[T>G]G	4	4	3	4	3	3	2	3	4	4	3	4	3	3	2	3	3	3	2	3	2	2	1	2	4	4	3	4	3	3	2	3	4	4	3	4	3	3	2	3	3	3	2	3	2	2	1	2	4	4	3	4	3	3	2	3	4	4	3	4	3	3	2	3	3	3	2	3	2	2	1	2	3	3	2	3	2	2	1	2	3	3	2	3	2	2	1	2	2	2	1	2	1	1	0	1
T[T>G]T	4	4	4	3	3	3	3	2	4	4	4	3	3	3	3	2	3	3	3	2	2	2	2	1	4	4	4	3	3	3	3	2	4	4	4	3	3	3	3	2	3	3	3	2	2	2	2	1	4	4	4	3	3	3	3	2	4	4	4	3	3	3	3	2	3	3	3	2	2	2	2	1	3	3	3	2	2	2	2	1	3	3	3	2	2	2	2	1	2	2	2	1	1	1	1	0
