0.0041459591665599,1.054956312331724e-05,0.0072012076460178,0.0053801283563334,0.0064119325148968,0.0042418201882108,0.0053647209332001,0.0030112613063127,0.0032420008164486,0.0053825441075818,0.0004568748055216,0.0067913941990549,0.0051006329974246,0.0053814101025833,0.00231573189666,0.000136100870341,0.0049091241690769,0.0071021599156918,0.0046976120309255,0.0032090446189833,0.0033736499007261,0.0022947882372277,0.0053134325710784,0.0067750135277293,0.0018815054635909
0.0024694442842582,0.0049676842535671,0.0050837895711423,0.0061329941266804,0.002589635585133,0.0050667999598931,0.0056088452671966,0.003021580049883,0.0047951604814196,0.0053639693158004,0.0027746214452652,0.0002178003754002,0.0038837966796374,0.0007179274942409,0.0051327292960819,0.0036167831686714,0.0028750594720715,0.0016666140145978,0.0007556550399461,0.00160408921043,0.0038115795229981,0.0037418748493785,0.0033945373807968,0.0012957083894061,0.0039294612353221
0.004007034175489,0.0021830368573566,0.0037644346275929,2.8789063900703893e-05,0.0060821088198219,0.0015619579129323,0.0019664342383431,0.0038639933523886,0.0051615240634535,0.0033638181410451,0.006447806645262,0.0047489317626848,0.0015769966542663,0.0010117928574509,0.0015706933209763,0.0049620751985588,0.0015697154994119,0.0016735097513274,0.0042083924070587,0.0030818803131777,0.0051085241993218,0.0057765384164479,0.0028552258694488,0.0016235462368063,0.0041656350488498
0.0055238195637931,0.0012634360034986,0.000993873898759,0.0013764504741263,0.0061521676258391,0.0064702318414131,0.0006415177988086,0.0069813464148794,0.0010039237336187,0.0032394643284891,0.0048240612283654,0.0048915429022578,0.0065686650774679,0.0003533999342777,0.0027335650732468,0.0034732995633075,0.0068269476451964,0.0092772332216471,0.0023352188780369,0.0043703055878081,0.0067083924636594,0.0061525541273974,0.0024604653557742,0.0013834278844498,0.0068988371624111
0.0022571250119691,0.0007373437308016,0.0038830544519575,0.0008219068425558,0.0048133052338575,0.0045510973611277,0.0032303876775041,0.0059322787331007,0.0027610194547901,0.0059221909556604,0.004983831991723,0.0063917121385826,0.0055665154743336,0.00627635027455,0.0052780187223193,0.0057057719368707,0.0019325314817801,0.0020436491885904,0.0039178089128493,0.0004494581155945,0.0056281571852572,0.0058662556476776,0.0042100631413886,0.0029138926226295,0.0016308078432461
0.0065057664289083,0.0067576463137967,0.0068893186441092,0.0068396863471286,0.001595076968383,0.0042492997392193,0.0036346133270263,0.0053483816169406,0.0040809803721776,0.003208965838495,0.0015206713617713,0.0045299427114262,0.0052577118237054,0.0004302085935647,0.0009691736338785,0.0072896257297526,0.003544155055672,0.0055217080101268,0.0030430129064403,0.001109194186959,0.0038005159861852,0.0052208721107353,0.0020002367438453,0.0059756613061289,0.0047151961464728
0.0041328189283116,0.0067294125414271,0.0069011195253048,0.0036242748518432,0.0074461244471432,0.0006134436726672,0.0083617995670172,0.0056272293989196,0.005603558061042,0.004576530702993,0.0068484945100368,0.0009232430373671,0.007335286935286,0.0073138034859779,0.001079394242968,0.0006306247103799,0.0041595403119345,0.0076315559391419,0.00821919302482,0.0048521609866387,0.0053432319515987,0.0081666801905116,0.0019609427049513,0.0052897650476689,0.004064446513688
0.0020038066755006,0.000912396650726,0.0046080398023233,0.0004478264215144,0.0013544983879159,0.0047783000687853,0.0026637404005004,0.0047455716999694,0.0016340758464391,0.0051780146187374,0.0047083799039011,0.0053840489414235,0.0058037273517633,0.0075384162552988,0.0076714085285517,0.0034346366632171,0.0053029892975756,0.0054041240996308,0.0063548141715437,0.0066436857478729,0.0005669201645608,0.0023961060724579,0.0036830812879937,0.0044050020446167,0.0070244312587275
0.0087867273464197,0.0066916544275005,0.0014574255396429,0.0076997386577912,0.0003882305317135,0.0064865289226734,0.0027038960629978,0.0085829610318772,0.0001013125119591,0.0045722779559462,0.0049178010790102,0.0070120296740883,0.0055446386696572,0.00799372444553,0.0084558373554199,0.0005963421223574,0.0019837759066063,0.0028450899842808,0.0074915156640331,0.0068085456601967,0.0013772619110232,0.0054538276097614,0.0051200963455364,0.0072894334983271,0.0005362392719022
0.0011629425650974,0.0058562728515661,0.0064444704816212,0.0044451309612763,0.0075320646481356,0.0028298105069751,0.0042643525843726,0.0035259483613737,0.0032219666248337,0.0062270251197045,0.0038187035329855,0.00541262920151,0.002352737047444,0.0058505448062722,0.0044364576349264,0.0037343547429742,0.0011015556383895,0.0030818306376072,0.0017611841492279,0.0082724897230814,0.003193855192718,0.0050445316366261,0.0022224306651279,0.0003554100070645,0.0065191422638473
0.0048501519496504,0.0071429977161596,0.0044042065698736,0.00439176454292,0.0059026045208159,0.0039061912185766,0.0053029893599141,0.0022577949697377,0.003093481095048,0.0033437604344186,0.0050521432331565,0.0044869712012253,0.0052527317570235,0.0018742346726964,0.0029043319226806,0.0041480324997308,0.0059466896774369,0.0028255157703006,0.0046394072370277,0.0007187679339999,0.0028802605829989,0.0065270149732051,0.0020223911128155,0.0044316889077596,0.0038143984157396
0.0060824665458882,0.0008297841862281,0.0054281734262134,0.0078727635611805,0.0035932866284601,0.0073277625013651,0.0027107949139308,0.0073921422905547,0.0015182863427523,0.0026620841275666,0.0038102047306088,0.0053511783785633,0.0032107960929395,0.0008942429472147,0.0042673971332532,0.0025948203314832,0.0038827249000871,0.0036799503420601,0.0020586382525658,0.0054560969090103,0.0005394874096298,0.0075848742277326,0.0048123817088866,0.0060924257734075,0.0057640264611342
0.0076143674061376,0.0052231280292826,0.0054962337078921,0.0012186600242823,0.0024307144871756,0.007731469742938,0.0037438262198208,0.00491275264257,0.0064040802220164,0.001171468828906,0.0082626096965793,0.002968335477241,0.0074496495255923,0.0036207099730327,0.0045225626409131,0.0036876624039944,0.0041741952339051,0.0027549426150561,0.0059572522721598,0.0001408178848365,0.0007838022060684,0.005893768135409,0.0042771229731464,0.0017615045404328,0.0010903734617493
0.0006156911054772,0.0068950167735782,0.0042042953328735,0.0014369656932674,0.0038002268911069,0.0005123586231849,0.0015164803068778,0.0006290630898875,0.0067890214579423,0.0090210206640412,0.0063797676136603,0.0059969734233249,0.0028388121642542,0.0071696879631764,0.0055763113298449,0.0053183586426488,0.0027648193509504,0.0035507629082253,0.0022149646224424,0.0071422827686418,0.0047904439075999,0.0011101900596203,0.0048572428620533,0.0072834727238514,0.0044930194656543
0.0065156703762049,0.0006471283148404,0.0051339273556835,0.0015637977525871,0.0030013363778458,0.0056830470379316,0.0008580744541369,0.0038936556463107,0.0003428329572702,0.0007563214418957,0.0039278367489339,0.0080136064605075,0.0027175484911918,0.0058634991440526,0.0025869784098683,0.0057731976042262,0.0072573950828663,0.0021602425015683,0.0053224655071513,0.0039454916708607,0.0013822716575288,0.0049886990013498,0.0040417737485535,0.0041597000397654,0.0046176678087968
0.0010848861534668,0.0066694041706115,0.0018211265298411,0.0052203593162346,0.0036938989163748,0.0054394439468338,0.0076812748846781,0.0066514964730362,0.002582196059002,0.0051825020370637,0.0041729987273316,0.0088671205901625,0.0045915166019455,0.0060631077814076,0.0030359567411307,0.006861395092154,0.0021538978834633,0.0036717469887506,0.0031015965333833,0.0028891438072334,0.0033548820189274,0.0040011901988233,0.0052055647979659,0.003482682066433,0.0032904800944988
0.009068813307883,0.0052882124196856,0.0017702841534183,0.0058619480417221,0.003569702964077,0.006616821447283,0.0051675209896804,0.0078574020566813,0.0009215222631244,0.0071697968017022,0.005149250334728,0.0045431449767221,0.0067523903103428,0.0061760603493311,0.0099281309026946,0.0085851323546359,0.0029742775352658,0.0031103288287396,0.0015335006996241,0.0080391792377924,0.0060524165501693,0.000626197841989,0.0024746551420285,0.0006970740866807,0.0052508158678047
0.0081388155482352,0.0046116363267962,0.006998747567712,0.0045472194198441,0.0020698592841021,0.0077748476873526,0.0072726377421514,0.0077211132425561,0.0035657804231769,0.0045975898498242,0.0015489949945608,0.0046486368457983,0.0060408317321323,0.0056904451224681,0.0068070800522367,0.0009951948639986,0.0036562991539819,0.0060681445362515,0.0028301397123175,0.0057897946004409,0.0057158400225827,0.0001802195168402,0.0049149411783291,0.006706095436631,0.0043638247738731
0.0022240808394496,0.0074118013696005,0.0039086422114865,0.007238876551623,0.0049512742684721,0.006462646671352,0.0008338997956936,0.0093097629187837,0.0030632891979334,0.00326596374403,0.0024231276023804,0.0063856260555841,0.0025462608725528,0.0088928693480799,0.0050110424386362,8.075330693474538e-06,0.0011371589874326,0.0028200214392828,0.0072255602964364,0.0028368001753548,0.0049707872357771,0.0033078531327978,0.0096087960715161,0.0028963486630813,0.0043526496441489
0.0102829837576011,0.0069055086041049,0.0002717413830419,0.0075900025145652,0.0024810900390324,0.0056053440971711,0.003570294618365,0.005772726881526,0.0018703114617789,0.0070048554970564,0.005047114143155,0.003310896407433,0.0063255366479365,0.0064177672678937,0.0012893927993305,0.0068802305303232,0.0014996423470979,0.0026877868215445,0.0034474669844712,0.0021630533913354,0.0059021798077314,0.0068503285533777,0.0024981070014022,0.0040798921592885,0.0067996293623866
0.001718630082633,0.0070299224483238,0.0007383277928156,0.0052305629524246,0.0050408763062229,0.002037591906673,0.005977791374641,0.0018499677323078,0.0035996080021765,0.0043683166094768,0.0069795697297327,0.0068020494606219,0.0013648775908327,0.0035730659944603,0.0056566307454556,0.000969355160563,0.0035489316819957,0.0073846284371335,0.0060095674069952,0.0062025724509107,0.0045539553128845,0.0030513560862364,0.0016773708215258,0.00419948007815,0.0053644983022351
0.0026735150689083,0.0021058287910224,0.0058279267217935,0.0048723555440502,0.005451680367319,0.001378826316964,0.00078154929318,0.003447476448554,0.0026458940450436,0.0007314738923185,0.0028094515169671,0.003150405575008,0.0043729469010787,0.0035063112048107,0.0030650827125381,0.006156348791585,0.0033343394116698,0.0040022738431783,0.0052083029300172,0.0018279481370425,0.0049363578965147,0.0004732098562902,0.0043464990222352,0.0040122742656246,0.0030607001479113
0.0076901682143788,0.0052969340601193,0.0070319884873981,0.0034590230007106,0.0024541617912773,0.0075928278661189,0.0014326799463766,0.0072673091293239,0.0036323273113421,0.0084216658456016,0.0071918325689371,0.0052348739877383,0.0025845675288198,0.0070874506669202,0.005383240843121,0.0031849811292794,0.0051431281592515,0.0045193038369109,0.0055072553808179,0.0016992676986691,0.0081636232246931,0.0077609015082434,0.008707101611747,8.083431763088234e-05,0.0054066940611621
0.0004809801099368,0.0051362174884971,0.0053842003899741,0.0046804797125459,0.0056469487080448,0.0040350025197322,0.0042187808713595,0.0041504594557396,0.0052111511411218,0.0024089451295119,0.0019638788151058,0.0030844620920685,0.0014012011700138,0.0006459028559188,0.0016641395948602,0.0047160021957034,0.0013333847122565,0.0016326062441223,0.0020174055759325,0.0002853335219597,0.0058020006550728,0.0014481177313414,0.0058610102342908,0.0051188400247592,0.0057831609963146
0.0032087490124267,0.0056487032714084,0.0034907001558646,0.0065042877705321,0.0021480297915529,0.0045080813960844,0.0070367499710104,0.0038008211937938,0.0029089144085622,0.0022021184078923,0.0059042715752238,0.0031865301228831,0.0017673857932896,0.0064248595026679,0.0032999790517512,0.006768186174162,0.0027318666731109,0.0032841565822556,0.0007004901508441,0.006203751206127,0.0050003312738001,0.0061489555326368,0.006300229748559,0.000957347466724,0.0067206040700007
0.0017873519936305,0.0066311518970465,0.0055570023569099,0.0007350066764826,0.0050933973495745,0.0041317010334307,0.0052692254970262,0.0023342801116446,0.0045030580901775,0.0058162994439851,0.0007970866487509,0.006316245839285,0.0086081186016782,0.0060244053532922,0.0033642223602086,0.0010189517441476,0.0021882580112811,0.0009456980735544,0.0058619837482894,0.0021799895311626,0.0045294015603081,0.0011392735996174,0.0023976762581741,0.0014467004208328,0.0042144942630916
0.00388583260571,0.0008199632439494,0.003249609143112,0.0006512435223398,0.0012845251780234,0.0009183619128575,0.0026410820086871,0.0056471472212294,0.0052503620126477,0.0061744171110331,0.0052211520510447,0.0002027687287547,0.0036084426168314,0.0021418491950035,0.0045445441434862,0.0019249925596159,0.0053466888400281,0.0021471234230211,0.0053652705829532,0.0034076858999288,0.000546492760554,0.0050110481615344,0.0082255906388136,0.0055820078116796,0.0022028523747552
0.0006073672182341,0.0041786024197235,0.0038792932397239,0.0043845238635067,0.0050021477762344,0.0026881799483371,0.0006797791673015,0.002047334869188,0.0069108730498984,0.0070866202558285,0.0040679803231562,0.0038432947681256,0.0041009091315033,0.0051049085274343,0.0011185399005751,0.0032194268992325,0.0057260829671474,0.0043369771083973,0.0028029228248056,0.0031987354601508,0.0051034152815783,0.0021780980655456,0.0042145762233679,0.0067000355382516,0.0049472406147852
0.0041283253644685,0.0001669401140493,0.0061906770698035,0.0044270522298647,0.0068903198558126,0.0032347064993732,0.001277529286429,7.25927244377427e-05,0.0027966047394313,0.0014792626476899,0.0055727284256532,0.0008726601981024,0.0086292946870754,0.0067170940124792,0.0020650365897315,0.0067391984434554,0.0045587252013874,0.0028518185377734,0.0085080568950966,0.0041350225220708,0.0047666722798679,0.0062936089365686,0.0049345014886858,0.0031649982599954,0.002544054036766
0.0028957006683159,0.0057452677169568,0.0036790826769989,0.0054329976278519,0.0033505441032602,0.0064272108196587,0.0001567840483146,0.0051631008637439,0.0088164046606356,0.0062989676445947,0.0064497007414932,0.0026687728883357,0.001182123265361,0.0035364327307012,0.008283794834866,0.0048609667655414,0.0053288424326955,0.0053654123669801,0.0004478080631003,0.0056222201028534,0.0026209952883464,0.002495048597133,0.0006408636802859,0.0047611114229017,0.0047433397344914
0.003317828580181,0.0016725952499523,0.0009198365459319,0.0059198322477079,0.0079976835475289,0.0018125538090511,0.0045306176316018,0.0006428217413914,0.0034646463348503,0.0048790770937317,0.0063159801122721,0.0037763598910617,0.0026448528842605,0.003632842263089,0.0062360904095642,0.0031702551394573,0.0054718285103846,0.0050247274028185,0.0006800619100692,0.0047316263595896,0.0033668275447038,0.0035213489501278,0.0032883003217324,0.0025510425066233,0.0023229875341144
0.0056838984346214,0.0064681038482416,0.0089162510018518,0.009289685140364,0.0075384615146902,0.0016259962783303,0.0030997377851374,0.0005650655248592,0.0001098208904424,0.0052265852154502,0.0075555072454418,0.0045225927686895,0.0041262553969317,0.0056339308738753,0.0062852583449349,0.0049332922736795,0.0055180086652553,0.0013302965678187,0.008339548406709,0.0069822243197994,0.0059461996474203,8.284064561552148e-05,0.0039140302066122,0.00642235291139,0.0062219680327821
0.0027365666411445,0.0008922415021381,0.0017155412039321,0.0067180097336994,0.0019531664076585,0.0027059938293189,0.0039235699049911,0.0040401919115882,0.0052095545605481,0.0020104849200364,0.0010467376012158,0.0055870140892056,0.005229001024528,0.0056026543722668,0.002091283692719,0.0038223563003391,0.0045993567472631,0.0033378080069738,0.0062889102987217,0.0003775601562138,0.0055873965995587,0.0002965073011445,0.0056415810583226,0.0056875144876829,4.663106497094559e-05
0.0024163824126437,0.0064657603204954,0.0021396073074593,0.0020581702600875,0.0034062532352529,0.0029161298984602,0.0064716295636053,0.0044612038027353,0.0059218736277938,0.0031463519530652,0.0035930631788558,0.0059645502111812,0.0061880825264305,0.0076409963128693,0.0008837996890955,0.0053869036889522,0.0072919293656996,0.0043385302987202,0.0047701133088651,0.0050143839791893,6.215237660333715e-05,0.0018886513690909,0.0015805157775156,0.0042470683827555,0.0059798629388385
0.0024183309547308,0.0067649796927965,0.0009736245687354,0.0073144284184954,0.0050417833906024,0.0036471401952287,0.0005997206061986,0.0100612858508863,0.0067665198444663,0.0035789677379064,0.0010962037541985,0.0060052479771522,0.0043408608828581,0.0041310086491865,0.0093170018626782,0.0051645349768798,0.0040002293003895,0.0042645543756681,0.0063960377622337,0.0059646660846419,0.002617297065854,0.0024310084435053,0.0057602874963968,0.0067174483838632,0.0067467377788001
0.0072052919599299,0.0055137017664519,0.0018620714383643,0.0065439595995926,0.0021355280551982,0.0003339625492476,0.0053644250766799,0.0059098644574692,0.0005726450843783,0.0060704826963309,0.0035188653213915,0.0037588531762399,0.0024093808471238,0.0043699963688954,0.0005405670222681,0.0073018988947777,0.0031552399642483,0.0034099285577109,0.0055885755617786,0.0023559347292334,0.0031644348891762,0.0059926344700747,0.0022548014683019,0.0021089532370515,0.0060102676804451
0.0083677335924654,0.002892284549792,0.0073452704208384,0.0019851064647543,0.0079750695708275,0.0069264720382478,0.0039394489786296,0.0001594977396766,0.0059964349409622,0.0069306622923626,0.001539223943231,0.0058079147320026,0.0012312210410153,0.0050930154865663,0.0049000126453591,0.000723815091895,0.00544696637092,0.000331624721767,0.0006081804361259,0.0073752465868435,0.0044723535092442,0.0062565352489525,0.0054884932346773,0.0038099420310474,0.0046059102855938
0.0033919668440682,0.0023687674369556,0.0052578832065916,0.0038074939909476,0.0065494647194746,0.005978021265843,0.0044269009990865,0.0036746203255612,0.0061843387440021,0.0045746329447843,0.0003046650363158,0.0073955558423827,0.0012824709721164,0.004032575773103,0.0082588359245932,0.002435573911898,0.0056857993509752,0.0017437652894795,0.0021745544894918,0.0078580657517324,0.0044995032693915,0.0014889725144893,0.0088790027462591,0.0011946587804834,0.0028029160943867
0.0028049297645158,0.0023745638087666,0.0019189003817553,0.0066674716330747,0.0010159912515906,0.0005993079366513,0.0053645483780112,0.0044389910524212,0.0067750604844161,0.0056184479207381,0.000137180171587,0.0069782577021891,0.0027273293012803,0.0024096214486793,0.0103534531036221,0.0046848566825605,0.005257356344569,0.0051588274554389,0.00168428939384,0.0066767997379959,0.0075070603299506,0.0036746940466471,0.0041798584354245,0.002599032084523,0.0054669856721685
0.0014753398405848,0.0027216597925182,0.006495062594507,0.003321194639055,0.0082688109097021,0.0003183372554824,0.0073368544962846,0.0051120386007112,0.0072782701165275,0.0032290422012306,0.0081731348840774,0.0075532667282808,0.0020676147510234,0.006607097462744,0.0067604739693818,0.0023158827414251,0.0089703904176122,0.0042012438788128,0.0051594306244042,0.001163011850104,0.0044989443406223,0.0062436039034703,0.004617611337025,0.0063145081999652,0.0049054134196599
0.0012698940607701,0.0062863690614997,0.002379021638199,0.0068609812798383,0.0077914889744538,0.0052610383586619,0.0043104153389652,0.0038528590912441,0.0029840538141934,0.0048440742541803,0.0067392261367466,0.0049898360809281,0.0053833554643484,0.0022487972563958,0.0030583396124867,0.0040392975561175,0.0053996454085282,0.0010923982227516,0.0053840371156699,0.0032012921657956,0.0015387263883401,0.0036136843317485,0.0047189934863797,0.0010548278651255,0.0062513424459783
0.0077707227377862,0.0079058429782421,0.0058434706091075,0.0040729421691701,0.0057058388785055,0.0058977364901823,0.0017200432644716,0.0008217696839022,0.0026641568176777,0.0082271824426593,0.0016379906786762,0.0064677478737957,0.0009324211630058,0.0045107296458961,0.0070807492983177,0.0015998003077271,0.0007039436880683,0.0021095328593661,0.0039550596145822,0.0063708523712469,0.003841656278582,0.0044305220658123,0.0046240830409083,0.0042395331009503,0.0034150541326153
0.0041426037254477,0.0018187770186294,0.0085042797774701,0.0021586815441436,0.007547738325095,0.0087459997041076,0.0024496846688128,0.0050694855952379,0.0053514936648428,0.0045852495519261,0.0091040868267958,8.439428017897386e-05,0.0051246120510556,0.001234872160113,0.0025310605714412,0.0037933084343857,0.0061094708818586,0.0028750619946376,0.0012475824543084,0.0023027375304654,0.0030528164093308,0.0029130019105137,0.0037435076113799,0.0043856970002727,0.0006257988100779
0.0031559987131541,0.0024621989790152,0.0060767121675953,0.0056961416083229,0.0099888478103083,0.003208878549307,0.0012441315754279,0.0043022105791804,0.0077192591145405,0.0029863761363812,0.001631166603276,0.0089732171928189,0.0086197863826859,0.0055937926915761,0.0059988287484875,0.0047117974361494,0.0026736434023175,0.0060460275023496,0.0019317988825742,0.0077937513596541,0.0061466650090328,0.0039816195557666,0.0079274111330653,0.0083368389804486,0.0003045294831222
0.0052653318087327,0.0055663238526469,0.0030948693995782,0.0027375780555263,0.0006652924604001,0.001793361347809,0.0010344199782122,0.0056628392289104,0.0018242220961764,0.0020007105949168,0.0042841312418841,1.8043362970166896e-06,0.0052640240122413,0.0027210081842807,0.0007419693694424,0.0032072731785203,0.0050862027008576,0.0059920261487322,0.0036486016782738,0.0025266016005038,0.004757017864969,0.0045118452945337,0.0055645675996493,0.0036888201657897,0.0002300423104038
0.0095778451504317,0.0017036246463868,0.004565506285914,0.0055590418921465,0.0042577423122737,0.0091436218749312,0.0043252316259837,0.0025914492595461,0.0054698825359505,0.0036154694505794,0.0019287474273284,0.0021119599831144,0.0055501647167804,0.0015652494238666,0.0014738093105257,0.0049677717450489,0.0076572790233847,0.0080095872555652,0.0069189110514441,0.0058358976017722,0.0022049607625677,0.0017213255141336,0.0032747363973183,0.0036845780665497,0.0046801666815627
0.0047682133248149,0.0068971642669562,0.0035760679081225,0.0067663835614385,4.625137950428753e-05,0.0060332886919799,0.0050952647680167,0.0065266655939812,0.0055880512932424,0.0028172506493414,0.0033925955848906,0.0006539206166484,0.0017074743862933,0.0038313514264027,0.0035183612012757,0.0052087065294225,0.0059755447747553,0.0012063257004785,0.0018092679967662,0.003427246362732,0.006373835808352,0.0068661462758141,0.0058389723223771,0.0007103482311636,0.0045766800930686
0.0033073320917766,0.0063413116347037,0.0015835168064808,0.0095765381202936,0.0063948319647603,0.0033108324060683,0.0062713436985728,0.0073901022474203,0.0081714849629262,0.010432436794006,0.0057818564108289,0.0091931845713612,0.0004898851975689,0.0082926051162439,0.0049851310775712,0.0019069655033582,0.0063080319270979,0.0087488318462866,0.0084932669976563,0.0056593126728637,0.0028990565859651,0.0068530351000834,0.0030648679066545,0.0103057082568434,0.0090065550052355
0.0100387294665585,0.0069601102069516,0.004959477206167,0.0009802078204583,0.0046289872660488,0.0010964280795458,0.003839392399972,0.0038806304559334,0.0048096510858577,0.006076233130689,0.0034804286272516,0.0031832753935281,0.0016174888331322,0.0021671076693857,0.0044092510214453,0.0032136056881071,0.0027476471857053,0.0013518540179588,0.0014307677250561,0.0032234558921397,0.001677600278372,0.0026406000360216,0.0057594017004082,0.0017076883923465,0.0029943759994595
0.0026313828425821,0.0002892405687674,0.0009366665510845,0.0017401093921729,0.0049346369248063,0.0028063323601756,0.0066498477990506,0.0011813602236292,0.0019595775734136,0.0045729041452337,0.0044574610621783,0.0031426609518482,0.001076586002458,0.0080885213456777,0.0070034044697106,0.0033856623945956,0.005723700162986,0.0051592486505913,0.0016688445818544,0.002779225315016,0.006134715245181,0.004633935650744,0.0023927327721474,0.004866925116545,0.0085796883648172
0.001131952776499,0.0071315061626089,0.0076478923142409,0.0083106702862555,0.0036633328899366,0.0070723607678188,0.0077200665443435,0.0034439205998962,0.0026242170437379,0.0043656122656211,0.0070033207520622,0.0049246982362987,0.0019731529751036,0.0049031527591894,0.0060775458008206,0.0037730192733964,0.0006469171569985,0.007660448642899,0.0007516775868371,0.0018973057802095,0.0039880335211779,0.0037155825032554,0.0031950136614983,0.0093606809070831,0.0044612739072323
0.0031833390175859,0.0061656921580523,0.0001565211203619,0.0059833008223217,0.0058483946006113,0.0028747936756841,0.0057216464901039,0.0070700103137343,0.0071278973980473,0.0015197529531575,0.0041089036619682,0.0009156237839505,0.0034116011461921,0.000289571116116,0.0019735818519256,0.002311272751068,0.0052180380861213,0.0016889522268395,0.0028712009203216,0.0016256959086913,0.0013261225951158,0.0044400615949298,0.0046562982309915,0.0030286520655864,0.0045474976198013
0.0040423310603531,0.0051790564110885,0.002503828730267,0.0006549882180266,0.0001789922248369,0.0020769356388416,0.002608755991655,0.0064920185833705,0.0046995659819155,0.0042995318474673,0.0018000214302487,0.0003549695779927,0.0061564006935183,0.0014271269106483,0.0007524759251151,0.0038155862723936,0.0001280355891819,0.0071372007862741,0.0055649551074252,0.0033982670834228,0.0047039108088937,0.0058509263240716,0.0040040925800531,0.0016945277118281,0.0012667647282898
0.007748879437808,0.0070968941258298,0.0051822112404697,0.0062765423632848,0.0020852145084665,0.0038565369207415,0.0012412497318467,0.0026965941063791,0.0074486043481748,0.0060548909726001,0.0019783977922068,0.0033609808093009,0.0013262621560377,0.0054133416446996,0.0064027825090023,0.0046547896631961,0.003972689759972,0.0082859739768742,0.003493490888661,0.0050802982814358,0.0052089657044177,0.0059643275579088,0.0045558939505865,0.0011322007388625,0.0015419683572199
0.0049639362388497,0.0022903574082693,0.0025738752707477,0.0002727531814374,0.0034165015300481,0.0063893391446057,0.0043075110220619,0.0048141002430715,0.0046242257048692,0.0006518200978823,0.0057280719393947,0.0023806278929552,0.0040273528982856,0.0048107718686588,0.0006075971915538,0.0046896923353176,0.0034771452996631,0.0025825724470298,0.004350372540165,0.0036550450904641,0.0017899997878316,0.005015361787706,0.003135598676052,0.0044633922033726,0.0064384190378381
0.002456913699268,0.0001711538888694,0.0049362930095401,0.0064948354635531,0.0029315543329444,0.000982208485467,0.0008085420254627,0.0004943620440023,0.0007702816917266,0.0071542267192053,0.0055632652805286,0.0070337899785506,0.0021189611504804,0.004592375668445,0.0021157788680708,0.0067794159453344,0.0051615104430666,0.0065267881603545,0.0031263976031744,0.0074725530437362,0.0045695904688897,0.0052371599058701,0.0026038804917221,0.0031920966476723,0.0049286427511922
0.0047151345217504,0.0020714254750962,0.0007059312505562,0.0023861008836959,0.0032332121139734,0.0038545532222986,0.006733988856001,0.0018841339986133,0.0001044451800563,0.0065563179983822,0.0026959258359738,0.0062268091230696,0.0058097504907858,0.0011476828050288,0.0042664737994477,0.006448916574277,0.002454486466155,0.0057566779238878,0.0053835750711442,0.0015022284079661,0.0019865182327492,0.0045239928014941,0.000784792575532,0.0072528037787078,0.0060035648425755
0.00721954741833,0.0055141451196733,0.0022983045468044,0.0008873854889258,0.0039789202500766,0.0071669139965436,0.005278617619303,0.004059870049965,0.0036693566854796,0.0043476458001415,0.0068397003910178,0.001076337114327,0.0075331806068781,0.0049309749473981,0.0056038459556524,0.0048727836143706,0.0064130665928226,0.0005053119698426,0.00609717173868,0.0036992882357963,0.0021572677267493,0.0058931514156332,0.003343693434324,0.0054481527150525,0.0033968066764767
0.005847360771394,0.0023785434735741,0.0023513730702077,0.0037114023429044,0.0058222576953205,0.0001136227002731,0.0035097334822208,0.0103132839605823,0.0041765318420589,0.0047622727098082,0.0062831291791439,0.0019991722039937,0.0056824749148992,0.0038562380607687,0.0054945821952156,0.007597671977175,0.0034887214728861,0.0067118372184397,0.0057678470574933,0.005316352634748,0.0068720951999359,0.0009960666152843,0.0061812954807983,0.0056285298947972,0.0045388587858271
0.0048774189512313,0.0049155826848505,0.005778563727408,0.0026745407354565,0.0028395130933028,0.0003961128505143,0.0041085459360526,0.0032968387871742,0.0033028244165535,0.0032431408525923,0.0080302949433246,0.0051095749733529,0.0037896026465044,0.0028094829804582,0.0033257911966516,0.0032800103352116,0.0015535507685598,0.0060057425775386,0.0076018837353862,0.0062313319144945,0.000864943244529,0.0001069354564745,0.0034106992022876,0.0079120976928524,0.0062471175444376
0.0024426876446483,0.0029781016011315,0.0056232393096268,0.0049273769641441,0.0034626175047577,0.0009641694419787,0.0010417558675186,0.0010432013825163,0.0046890444055921,0.0027455729525054,0.0067021358795874,0.0035365057820515,0.0026409881980409,0.0052070529478748,0.0052648093151838,0.0061775390822267,0.0055346133409087,0.0040376212297082,0.0004361503468453,0.0024131787870099,0.0055440750495487,0.0038350233850962,0.0063166018353503,0.0041057748984164,0.0019145270981548
0.0026763698371229,0.0009898135368175,0.0026799089357567,0.0019619624960818,0.0037373907497017,0.0014593225753402,0.00541336483057,0.000868029382707,0.0038028842070696,0.0017390342157213,0.0011077455830556,0.0051128068147624,0.0064826274653112,0.0012895291774185,0.0017837174435538,0.0037520594154766,0.0063227901670962,0.0047106855236978,0.0012826721439048,0.0066924074302589,0.0063311869685306,0.0054121610347462,0.0047971925365382,0.0045148320753135,0.0001365804058427
0.0041115630290914,0.0078232005331037,0.0038978087545187,0.0044828229712928,0.0055303661159568,0.0005963838719567,0.0040416211962939,0.0057692095519919,0.0051317680371998,0.004382488238273,0.0030808876660566,0.0003792825271906,0.0071438635107801,0.0056794586740905,0.0004015737344867,0.0045072085555053,0.0052786123945331,0.0027877049208385,0.0054436977501071,0.0029748477091147,0.0010286288867832,0.0082473243758027,0.0056995956090962,0.0078884966428575,0.0039044812810887
0.0009672623824039,0.001265840793436,0.0054297242457587,0.0089678226039563,0.0043324490010724,0.0011520856678971,0.0085369223879789,0.0056780531204184,0.0086958899343628,0.0062230234721838,0.0025193770412411,0.0035451140774161,0.0046292206803241,0.0014902546935838,0.0026495072899346,0.003100393304852,0.0080976187801528,0.0079814832800192,0.002866604515952,0.0061772498938468,0.0061793187169285,0.0078727819419919,0.0019802582405136,0.0038542416710413,0.0024363177159321
0.0023343697541111,0.0050983854512767,0.0026684461017092,0.0047478134129992,0.0046560289109753,0.0077114632965609,0.0027698032484456,0.0043028930287831,0.0020528932331451,0.0086551073102271,0.002128309293508,0.0039948283348335,0.0078699732140444,0.007440795026744,0.0083384152506017,0.003512439858615,0.0080647626996822,0.0047342624878651,0.0015229557963894,0.0026260072539424,0.0072376490537109,0.0038922390067279,0.0059176576277373,0.007400000702127,0.005297257002936
0.0072330968595342,0.0054412544784793,0.0081914532744261,0.0060356386813579,0.0058509986556002,0.0042009041484977,0.0048531295858437,0.0048331670141928,0.0069728142280888,0.0002110503079052,0.0043391111482985,0.0044430800368358,0.0017184109262679,0.0022384014756581,0.0094661444090506,0.0043111616378329,0.0064962284823658,0.0020717855550007,0.0027611014122027,0.0046346982386663,0.0068123026369989,0.0067956960621843,0.0036917076253726,0.0022636180615351,0.0063648328274182
0.0046312532526222,0.003102164631815,0.0035107923907269,0.0074973050404816,0.0071944618578342,0.0096646856262104,0.0077077072479502,0.0117632785513113,0.0049985390348338,0.0031650446737917,0.0068686151497912,0.0055270993838508,0.0004524002669913,0.0021497322038914,0.0032666021278419,0.0083847420699823,0.0003932364855705,0.0004909186114153,0.0045882831636121,0.0072065004591344,0.0032520712820211,0.0016909703172564,0.001906683623671,0.0014569754971421,0.0014933669587774
0.0055676949355716,0.0015047600601758,0.0003686987183431,0.005566690209996,0.0049722389415766,0.0062784381270613,0.0020521952996759,0.0068522150725143,0.0079749029382633,0.0035035979277805,0.0056414043895295,0.0013852237624888,0.0045541774521289,0.006110577335168,0.0091170874926245,0.0066900755864227,0.0065655872343443,0.0038314074002236,0.0045714876448743,0.0054922771435357,0.0028727597379323,0.0048131241779751,0.0065725887557064,0.0027465981610977,0.0050158582787752
0.0031457196318977,0.0035531778280652,0.0028528627544941,0.0050740136178023,0.0033059993037519,0.0071296542171038,0.0005773218147843,0.0004490388145563,0.0065664265829645,0.0051387542776088,0.0047640945625356,0.0022929980273175,0.0008044272743849,0.0049175919752657,0.0043175922516168,0.0027932795967723,0.0053582515588575,0.0008774573989766,0.0066685263940632,0.0020650706010847,0.0073887936024329,0.0044928614419832,0.0049546424325233,0.0062402568261077,0.0052994963265375
0.0038779762481506,0.0020560187533647,0.0019990865797881,0.0060741165000769,0.0022670778185924,0.0003248267247846,0.0016189847146419,0.0063692358011408,0.0014499874510613,3.9434590432077154e-05,0.0029827059817906,0.0046785497831604,0.0024629924186644,0.0039450597668259,0.0030541587837681,0.003712978958757,0.0010599327183657,0.0056655301524602,0.0038591001814872,0.0055176430326531,0.0033067002264814,0.0027375577690931,0.0028837092142859,0.0060288465857673,0.0066207110700455
0.0058163245649871,0.0077152229482995,0.0082793986051388,0.0025571279118468,0.0054247454467764,0.0079881675127328,0.0007654983795519,0.0034255672590093,0.0069060632932253,0.0055902389498418,0.0027041018722963,0.000682834510836,0.0058820092581233,0.0032019886666668,0.0064210989266164,0.0057789268146135,0.0028562655341772,0.0061764963595173,0.0082477269975744,0.0032467053628393,0.0040222956175059,0.0012524739645583,0.0075602655616629,0.00236389316845,0.0011507132371687
0.0023966939559062,0.0025131994465552,0.0024656214814248,0.0001941821434982,0.0046051072794778,0.005060582019502,0.0054316280168586,0.0027237883575038,0.0038311188164378,0.002447190346209,0.0066645872690294,0.003979092069838,0.0001647581464623,0.0017349427746408,0.0036079583541261,0.0044667331889203,0.0026414304692479,0.006219496053375,0.003703766886634,0.0044592934262159,0.0060118785707522,0.0037754660267271,0.0043594813692982,0.0067148886976958,0.004435347321244
0.0016227856231804,0.0012315449918331,0.0060246341628159,0.0053154281602239,0.0008839102356451,0.0043314818801537,0.0082383700745117,0.0068339419504674,0.0007127385604772,0.0012053556764075,0.00192715842626,0.0048627209188983,0.0013691919498036,0.0047177563663024,0.0056111437718662,0.0026033666671705,0.0057696241643141,0.0075437595254665,0.0061287812356099,0.004252885748378,0.0051466739107548,0.0010533195445535,0.0019448313036572,0.0027240479176777,0.0031295309299179
0.0032511595833614,0.0022001538578726,0.0030209719915174,0.0029330793313839,0.0018530304578255,0.0042049276177471,0.0041800765741362,0.0016101406209875,0.0049375531382268,0.0053054011783538,0.0006969329552902,0.0035927592899706,0.005371829808429,0.0044705854091609,0.0038344613975798,0.0039950522748662,0.001885472930152,0.0011400514103251,0.0007544677827201,0.0043912026129852,0.0060242148291832,0.0055849539389599,0.0043414061707347,0.0017917627435349,0.0023452606494624
0.0038976158410995,0.0063591339605121,0.0018988495122744,0.0017477547039113,0.0063583608218267,0.0079007343462924,0.0047574922371018,0.0012528411877819,0.0037699311010378,0.0058905116453431,0.0062439536318067,0.0041160042337168,0.0045211408555545,0.0034223664513488,0.0072105711628213,0.0063956995888333,0.006202474819085,0.0021659706886024,0.0033811006224968,0.0018370361976243,0.0039195581381167,0.0019533029529903,0.0039015735640594,0.0034594807376807,0.0023592645781667
0.0031769433363766,0.0068725405932614,5.260063160676055e-05,0.0037025195975161,0.0013856874543707,0.0007058625295482,0.0037267594573792,0.0052292597350855,0.0037477373609995,0.002227087877038,0.0012378510191393,0.0009350620510831,0.0041990615498671,0.0013398871057054,0.0040004569509492,0.0021569223237506,0.0063929692464617,0.0046904044886157,0.0036291226311233,0.0028890737745276,0.0038072567765825,0.0060522475199414,0.0062848668826369,0.0050755951596615,0.0011109439261005
0.0028891543490192,0.0044024555000176,0.0055915941627071,0.0054684157962263,0.0011754875161975,0.0080598481275186,0.0072649645087001,0.0057368966266406,0.0038841668021474,0.0043865292035666,0.0019311619005818,0.0033876713457523,0.002297497266857,8.543743012065882e-05,0.0038925036862368,0.0034214770381688,0.0013362466792602,0.0035755135739216,0.0053612985594247,0.0045547700058474,0.0034089231568347,0.0049304051911766,0.0035268151472477,0.0060889372133352,0.0020088232243485
0.00680412553898,0.0030916266003489,0.0046059790203698,0.0065973965476575,0.0061862926832041,0.004391348007504,0.0039652358772871,0.002507595334576,0.0037681559651667,0.0018775651178552,0.0046466141275096,0.005042072390943,0.0046407020129246,0.005170080422382,0.0061817156777628,0.0026108219330803,0.002586241335884,0.0063842553963234,0.0017682496351646,0.0063568230768212,0.000847841042221,0.0075028167473045,0.0016183325325011,0.0014693243923885,0.0056108780433127
0.0025486990542876,0.006452515296884,0.0011267914356002,0.0030420412406925,0.0058721399271279,0.0047682445359874,0.0044944699006312,0.0029912384049331,0.0036034094405299,0.0051802781212996,0.0006020832921217,0.0049049218134735,0.0048030830455255,0.0046771200102871,0.0056109703874001,0.0022532909998928,0.0053829172228819,0.0023700788972224,0.0048286469914032,0.0077771036826424,0.0067413026178823,0.0051064226240809,0.0027597491406906,0.0055776166293011,0.0059035830415955
0.0009098453586256,0.0092691622754985,0.0059021481876924,0.0020428391453256,0.0052721702680972,0.0024330569880969,0.0070512330994238,0.0029375654361821,0.0009552975086427,0.0028403252555762,0.0031169402970503,0.0039660082330619,0.0067035716348226,0.0070634701661659,0.0087938435536403,0.0043743763558581,0.0074943932096094,0.0040626199869376,0.0050268062618404,0.0029358938090514,0.0036201355567401,0.0089441356983163,0.003880448993021,0.0067254465493412,0.0036856160581486
0.0067237190250466,0.00570754907891,0.0070359803579396,0.0045048679992516,0.0019500323701308,0.0015774949565524,0.0040773980383345,0.0047939645338902,0.0054744495997077,0.0046466724525459,0.003605167922529,0.004002577343005,0.0067273398131895,0.0008458769951513,0.0035489629732738,0.0026596433457583,0.0070743317368344,0.0029489494494026,0.0010546592686591,0.0022926601667465,0.0045536486945372,0.0062686957176762,0.0049952407588704,0.0064188930684514,0.0044143379310563
0.007172982764963,0.0083331738645931,0.0027001714756965,0.0028887728988479,0.0034090499689707,0.0024501496222912,0.0062061929653824,0.0034180479896143,0.0066704762941659,0.0028406609245266,0.0081426585509791,0.0077108589137504,0.0081139821598251,0.0020119382244552,0.0015295574978656,0.0071621558871193,0.0013310287466989,0.0008345635809389,0.003956317731572,0.0004055091109404,0.0064047994648955,0.0044867702068182,0.0011912770733711,0.0007102906552119,0.0021592221757626
0.0043421148145924,0.0017026354127762,0.0066281859338886,0.005817082609677,0.0038857053686785,0.0057190414453323,0.0033966625107564,0.0041309087917239,0.004588449056938,0.0022774690654321,0.0066256604745922,0.0062007375404381,0.0058106242833353,0.0042571864616255,0.0013027812387728,0.004900082783533,0.0042072547541889,0.0042226541644695,0.002170684649459,0.0058415175629073,0.001666725707517,0.0006883156562072,0.0049507257125934,0.0039908581156319,0.0043339425079344
0.0038529529068591,0.0017864618054376,0.0054422429201258,0.0008507956448604,0.0033717198276916,0.0050618054774965,0.0029440589475463,0.0026704228031927,0.0065265024419915,0.003467147576298,0.0059621644215375,0.0052801488275837,0.0038961149377582,0.0038035121579557,0.0035460118125513,0.0041469772580254,0.0022897493202714,0.0071470288008152,0.0046855463453936,0.0033880946557777,0.0032426961616202,0.0037039404647303,0.0066059653857176,0.0050798294122602,0.0030387145808978
0.0015785825950969,0.0049408851251485,0.0031356542817262,0.001631625620618,0.0071784376527209,0.0056180571157606,0.0069015767355189,0.003792666666974,0.0047137150445848,0.0025009000828007,0.006854412695854,0.0003552842894434,0.0057612614437729,0.0067611050940862,0.0046056468853568,0.0027187577184593,0.00396625767541,0.0060195467278044,0.0021689134401329,0.0067941626499292,0.0059936223628666,0.0055512583023007,0.0007920739665569,0.0084096587785928,0.0035233903596907
0.0015618633415467,0.0036737656259802,0.0040969798198295,0.0037629728953973,0.0048157839027062,0.0047387253340449,0.0006911549277416,0.0018271662280775,0.0025832661063288,0.0037998471296864,0.0009147518206508,0.0052171260208527,0.0010788549805292,0.0027744366922706,0.0045550511258729,0.0042490626312842,0.0019354069962175,0.0059059708883199,0.004636609229821,0.0063059645778901,0.001417440668742,0.0017832969585086,0.0051091449202532,0.0044706127503003,0.0002601015742895
0.0028875241099694,0.0038438364873496,0.0016817437698343,0.0032655056410249,0.0053184133832184,0.0044288759678005,0.0015865718962647,0.0006101648135599,0.0006157679003745,0.000750010602458,0.0018807690357267,0.0046043742062629,0.0052000688782801,0.0026547539238402,0.0065326869919907,0.0016630973529769,0.0048375247266409,0.0052357777250423,0.0068124835440599,0.0032852115648462,0.0059015120211021,0.002010299051276,0.0057517226323953,0.0046462459323377,0.0063627985299455
0.0017722503574781,0.0030395333602987,0.0085905910185996,0.0026351732572212,0.00579096297985,0.0055904277559667,0.0052404421086238,0.0054565193127961,0.0004340031694781,0.0053464903404667,0.0056137544048831,0.0017666931358074,0.0056397078548152,0.0059943784319241,0.003078364531723,0.0071743707299015,0.0007133111637403,0.0030575082185368,0.0015341562562103,0.003506649938807,0.0051377190442771,0.0105253847341554,0.0016322903500475,0.001463058944372,0.0069612032513353
0.0055638570212777,5.878485565826048e-05,0.0062713228267904,0.008611389452124,0.0031083613798949,0.0073812098551019,0.0084201704758873,0.0027056383123686,0.0049308792184129,0.0046807146226902,0.0076415561410106,0.0006951549756998,0.0077532066587467,0.005619142439586,0.0016114724522024,0.0049651408991013,0.0043644650951326,0.0108059113786708,0.0053989286350779,0.0075943807110056,0.0082483064404995,0.0044524343213097,0.0021324405269887,0.0087904609061598,0.0091321973992959
0.0068531200583465,0.0026517667747018,0.0054580482522667,0.0006974701283808,0.0050060050765862,0.0030059073882942,0.0046460098457615,0.0050154525832343,0.0062308956435091,0.0040329021668719,0.0054181608955603,0.0054084085131314,0.0008317161145064,0.0020640041961014,0.0017938399512413,0.0040468358804566,0.0061727726641011,0.0059812348234969,0.0089234816389697,0.004004510322362,0.0030971225464592,0.0009937834861191,0.0039294582315345,0.0070308436311602,0.0054639199111721
0.0083332219077815,0.0053355892417598,0.0043816044436976,0.006386781299717,0.0015644853368728,0.0063302790812807,0.0064252504945829,0.0064030908897908,0.0033570373081306,0.0096118909515174,0.0056733102798598,0.0066244442400525,0.001262416990948,0.0045414769662339,0.0026271313129236,0.0023886781051515,0.0027518798057104,0.0029319721758003,0.0039496305936337,0.0029067539942819,0.005028357642762,0.005660627612075,0.0066246733493308,0.0020701382242046,0.0018430813122672
0.0033556215051736,0.0036707951530781,0.0052240616253907,0.0032004322936217,0.0067042774547689,0.0074268436571797,0.0062425129403842,0.0008205790301543,0.0069600811315373,0.0040951617917934,0.0067979899447125,0.00036854699192,0.0050048731242354,0.0077113533701244,0.003904027951491,2.441519431274961e-05,0.0009993743303946,0.0054318676938852,0.0072906078630546,0.006990965302091,0.0039199788459002,0.0014090426753934,0.0027817961656966,0.0059154704684398,0.0075254266822474
0.0009345606553386,0.0007325791945756,0.0071920514346576,0.0048400770526226,0.003891031315031,0.0054355182778161,0.0060467565751625,0.0029758610179063,0.0077732562098795,0.0021549312974361,0.0056090137032087,0.0056220445840088,0.0041610108627069,0.0003868740383668,0.0063049692904683,0.0058698994530682,0.0036753007041033,0.0003278290813205,0.0060188660776829,0.009145848845497,0.0040757612023643,0.0039973782286197,0.0017095711303086,0.0015194229346866,0.0056341972354025
0.0043893108337387,0.0001427609898385,0.0066344183371696,0.0042567979778214,0.0017616754204503,0.0034806504055976,0.0063217102998537,0.004467986909312,0.0069969424923816,0.003416498539947,0.0022646608827486,0.0030266077895898,0.0077634333570817,0.0006693348326885,0.0034426588061049,0.005095681678732,0.0038715799659605,0.0029652382289178,0.0079787218215905,0.0006960508786775,0.0017815488541761,0.0079372465899146,0.0020291562068397,0.0053018607021072,0.0061530167834349
0.0035255783048157,0.0043564662771084,0.0043915434913916,0.0009271158302488,0.0001376402097957,0.0016315107089755,0.0021644966374025,0.0074546928598694,0.0056457643701803,0.0020096680323367,0.0022439247516105,0.0032063186347921,0.0054725647066461,0.0059724603492501,0.0031916651550899,0.0060935631938499,0.0072397970490716,0.0064951533598658,0.0006912050943704,0.0060627309221727,0.0035084581560173,0.0028514265587802,0.0044700208941535,0.005140931521216,0.0009748552104538
0.0079855621285072,0.0037515012956131,0.0076061414824639,0.0014858533650791,0.0014371217179227,0.0005523670875208,0.0054714152976336,0.0018451923289159,0.0021352359972337,0.0027421300241892,0.0024763670158479,0.0060616582450819,0.0052382036810919,0.0077981781241444,0.0018927396050843,0.0053452576272471,0.0020986911247499,0.0012373866925864,0.0071118687868033,0.0008142457160832,0.0065345568063939,0.0054310849157345,0.0051596477596824,0.0011552962961079,0.0046782584555784
