0.005802876944129265,0.004777165976172161,0.001430958105030961,0.00826658392594143,0.002965340241879336,0.00014074540503578668,0.006739895374228609,0.0010361929365313017,0.0001353894886975292,0.007055270339701499,0.003013056843725545,0.005135883055924206,0.0030877222186404952,0.0007412667197701467,0.005106311102530345,7.262564749553626e-05,0.006265962014403085,0.0017257972800459164,0.002714048692771362,0.00792042408087719,0.0020053858122794205,0.0013120434333230063,0.0015327036659146616,0.0068631227850598124,0.007578532576812649
0.005866917232813836,0.006704320661064676,0.0044259238358508235,0.005501637169567466,0.0016947312764451327,0.0012885328017448589,0.0011361703138731219,0.008183598797698656,0.0024523719181888354,0.001106589133610104,0.007815068969247054,0.0035527307860161823,0.00037401542484931524,0.0021964734953036774,0.006133867027530559,0.0006674959703461683,0.0059476819676704965,0.003958350801638905,0.004683864700223475,0.005295820951051314,0.0028548642173497787,0.0058503960112698235,0.001235737689379816,0.0029152787555724786,0.0023796911178619153
0.0007762401021812694,0.0018804074101209396,0.006226814643816766,0.00615689550144065,0.005262770347466587,0.003513504326761473,0.005534063189210257,0.005032810073679453,0.0024067125411655005,0.0036373740833748496,0.005065190426896682,0.002539095132729929,0.004723006554638605,0.004910723878613369,0.0023051660554275887,0.004340061292013152,0.006576369593537414,0.0033809457612126934,0.005197928385243555,0.002972450535673257,0.0015904482280856883,0.0014837184727856938,0.00037103188231028085,0.0007088632910769717,0.0051667340881148245
0.0026969468222629604,0.003502046946129914,0.007014884724107336,0.0028635409151909394,0.006659501420063163,0.0071793314253745,0.0036022902914128276,0.0024117922611551117,0.004777264213491375,0.0015658050861885628,0.002052362296306968,0.0018958453079446866,0.0035041668806491794,0.001233085376778666,0.0015040782430196559,0.006528872113728166,0.005009346515573459,0.0018981698304214012,0.006030381601528762,0.003915415242904242,0.005028526487248576,0.0038269901956767597,0.0020529097294391986,0.0003595972479968086,0.003402011628004782
0.004177993661521054,0.011166130614353236,0.0054752105314027286,0.0034933145518904287,0.00043629031735002314,8.507033883800186e-06,0.001248110885742807,0.004953106517676535,0.010261777887202136,0.0025007331031013146,0.005682715478792196,0.0002638220067702674,0.00351363946133197,0.00028177342052643125,0.0025855958649779855,0.00589428805366498,0.004598380417531295,0.002725210657509859,0.0034650250826211643,0.0062706436200689886,0.007054164710182872,0.005116360290129441,0.0024881081218567883,0.002786202742328257,0.009351427264832943
0.00173243761211922,0.0004159365905005898,0.006580762729423989,0.0036201241296436037,0.00559142766310219,0.0037496981945540986,0.0011200273870332557,0.006248939957378109,0.007206146266918689,0.007737806118710651,0.0067625312440290925,0.007768243971279648,0.003373488901882852,0.006629133621291614,0.0010876675185279821,0.003391630741597595,0.002871947449083128,0.002681403878445985,0.0019846464492433028,0.0062092352838356525,0.008691994960865736,0.005195565586452269,0.0047140101513382555,0.0049567059751838794,0.006709970675781227
0.004792006136644759,0.0019848390964033297,0.0014840050016459915,0.00463519485563873,0.0037379030172436712,0.0013838373911012128,0.004521217246334306,0.003595632495364327,0.0051438741405472705,0.005399137025494949,0.000592134099852586,0.004956910158431008,0.003801131967809035,0.0031073224527982356,0.004333188747906788,0.0038365645677791373,0.0017496216960582599,0.0046525846842862244,0.0019140403693883117,0.004128942080696686,0.002667122483988606,0.0034466226076868946,0.002212904800335587,0.005160898140652849,0.0048941794011913625
0.008862787631889715,0.00038887518449422996,0.008496261024433887,0.006833665617861899,0.001589135802955716,0.0028383088480258027,0.0015916577564629498,0.008590102849492456,0.0009830639849055713,0.008331084488424883,0.004244610339796006,0.0012181597225909059,0.00048823421267360853,0.00320007501743279,0.007586695616914742,0.004732144344041685,0.005133998558465049,0.008190887136383955,0.006499473829218984,0.003170430524322426,0.004449196904494795,0.0037282473674965506,0.0016800229991008764,0.00530912273905368,0.0026995684527244407
0.0011600439319154883,0.0043959357443168635,0.0030932735512625292,0.004297527503044653,0.0028319060091968567,0.006698311455326213,0.0015829297959551276,0.004020248618340096,0.005214658882447999,0.007840847634441008,0.0053189842320150865,0.007154881281011763,7.402717636911797e-05,0.0016571966525600183,0.0021501889273063007,0.0033366206180047374,0.003623337376441698,0.0032171133075016463,0.00016009320412378795,0.000745427646209026,0.007087025424739616,0.006697683607814262,0.007439199787598647,0.0021735287833309254,0.004744186754539266
0.00024087378575252444,0.007990400499439856,9.747670449408073e-05,0.0053593820340726035,0.003884905337645098,0.0028664646643329606,0.00411745028454042,0.007187341317430545,0.0005201767248892284,0.004336894166261688,0.003527261927619656,0.0022256408191794275,0.007451222498978138,0.007903453124093506,0.003906791268805698,0.0002722360631527911,0.000582185809970331,0.0019000815546218579,0.007591931145126545,0.0037423146984982883,0.0017998965752406453,0.002022501825652197,0.0067221434559132185,0.004097717010941515,0.004420223941152393
0.0014865505212298686,0.0046239558039735725,0.0066090254748324495,0.0046778981571912,0.005202107374711407,0.00726117566681968,0.0029431060099255318,0.008764153299421318,0.0011430245471506812,0.005659874221901335,0.004657025482331338,0.007341738922285588,0.0038682534011807474,0.0026868514921263935,0.0010196883662670438,0.0011922997185543753,0.005618586423637048,0.007366935089478624,0.0018091390319250433,0.0031938213043968037,0.007851691810264991,0.0032198053060239792,0.004565009077533329,0.007167035877005012,0.007089741475229755
0.006680924761283779,0.0013905331471500508,0.005999651206397397,0.0049971191437114156,0.004928311120261729,0.004097783332744138,0.00536937442453339,0.003666898270400637,0.004300199216968083,0.004390956298962419,0.0009312209473433668,0.003379466874850178,0.0061359308323175625,0.005952200113466187,0.003094778406761076,0.0021304839380463254,0.005656605259294706,0.001964671378157959,0.004899458832354463,0.0014118930772270362,0.0014713062985329854,0.0016654885368050862,0.002594090272421464,0.002050969262809436,0.002158061816768062
0.006193047126505848,0.003241758094382374,0.0008499359845498375,0.000577194162221957,0.00636851118946799,0.004725587977082696,0.008000823531001686,0.004522479941111542,0.006258486466808494,0.000608776639103853,0.006042705999726862,0.004018047005121709,0.004289668796547779,0.0038013211970058776,0.006453814993176218,0.0020150628204929437,0.0074774794576601845,0.0028658267595153227,0.006495797675584932,0.0008028289945647148,0.000594909712671293,0.005671533757862795,0.0035850679282110037,0.0031093612413459174,0.005507893234311675
0.0018944096111538533,0.005428320783972587,8.954826685970758e-05,0.0013030794350976488,0.00040291816422764076,0.0021372744007418384,0.007012229227293218,0.007821450781267052,0.004882672134464318,0.005184487226934599,0.005107079135757082,0.0049871976878360594,0.0010836493480309542,0.006358526899664361,0.0023223517103595943,0.005954862424831919,0.006265882581634281,0.006099509457785213,0.004896037132501854,0.006179359354198145,0.0008850297923772821,0.0010266482993449729,0.003265451307917121,0.005606610113268497,0.003517844499657529
0.00042452653170880713,0.0003729659186812715,0.0015426549316609921,0.0009742069731948596,0.00743559111219648,0.002215072932270535,0.001073018456020866,0.00336519907363769,0.004168448368119132,0.00760260246570587,0.00275446676398236,0.006547471458966682,0.001727155382895567,0.00849562980121588,0.006582677424166027,0.003192878310767601,0.0001667288501980344,0.00743149370299558,0.005318410940607321,0.00571796570536306,0.008503353158339484,0.005807624335506845,0.002521497654504567,0.006739492068618838,0.004133645904099957
0.004675434109648793,0.0065900132896995495,0.0023673402543076473,0.0016839708543164573,0.006024575650737763,0.006771733489508856,0.0017992143336717256,0.004323475624101103,0.004030884896870473,0.002058434555177278,0.004397873279966815,0.0027613588665959306,4.150388893115265e-05,0.00047752103596454196,0.005374379570086479,0.004220154471082268,0.006063798860288771,0.0007759039010663024,0.0026243792205131555,0.0037851187239241824,0.00484844830083668,0.005029969224099058,0.006492089912672118,0.0038032741899875627,0.00467984188437318
0.0027065214134538635,0.0020328095683251187,0.003342802247991101,0.006156501946321991,0.00989610388718649,0.013171457922619688,0.0001538323955696805,0.002933944839011582,0.006129329469937611,0.0031148341619031835,0.006849594200066617,0.010590624240442228,0.005228077170640963,0.004077190298050163,0.0015182582950837749,0.003876451364026171,0.0001970421457923095,0.009629335354995508,0.011581745690449582,0.0011541209605584264,0.0045468357450414495,0.010474711639883415,0.005825067708163871,0.007863210921172318,0.0006452381623280816
0.0050439121837479685,0.00646971928984806,0.008367710777855752,0.007898632372717042,0.003764924834946655,0.004380940749137602,0.0012065774803755975,0.0029485167679006246,0.007116949239450933,0.0014561146220779893,0.007520842037587272,0.0017822167223516413,0.001913526891091568,0.0013426664276074125,0.004300982110018814,0.0029887925395940627,0.0038466223045457463,0.002653490085585971,0.0009319580647749192,0.0072582526184789605,0.0005514897917811957,0.006135100995515144,0.0075508926267689415,0.00047610122336790456,0.0028484772600121276
0.00895837835452811,0.004429413502466281,0.004106949248172832,0.0028399476035966646,0.008860692359720273,0.0008957619845057364,0.002420142696126168,0.007554337031025099,0.008345900628779561,0.009305069903421104,0.0031997611761829564,0.005039562145771332,0.00891562971801853,0.0061173375352994094,0.004395238852880758,0.008873064498491345,0.00027644367709240484,0.004456862158236103,0.007459259129606382,0.000260202953128632,0.0049058394065095955,0.0014484499944073432,0.004644809602890952,0.0020347506941125596,0.004120610227796865
0.008763036332449596,0.0005555562353198107,0.00498929314764189,0.00039433064279646864,0.005412094626375068,0.005836216441810198,0.0008656158210736979,0.002052878995745562,0.006325272263543583,0.0023561510287011087,0.00013558891462807444,0.005725294978054508,0.008343852879173686,0.004949660875219197,0.0060057928271707636,0.0008546225711836963,0.003134104602382527,0.006615894472853526,0.0033412763241489475,0.002547661195508768,0.00405967793063797,0.005305039848932717,0.006008090298775308,0.005261798452837025,0.007099037699859574
0.007102522318491643,0.006398322998306937,0.002289025935510317,0.004922456063140115,0.0001601452675647359,0.008101424724432985,0.009106208536633034,0.004727819315250344,0.0015231485596677327,0.0016901982699913203,0.0024631865355722532,0.004939115100018101,0.004386214960806905,0.001650539088872438,0.008470278084900014,0.0015906670603396385,0.001341400469349425,0.0028015377639884925,0.005352196455163259,0.004990101461269002,0.006596983532974662,0.006959526888407762,0.0006744555620539219,0.004785871851523742,0.0023163462971138448
0.0033004457113449356,0.0007812212036276985,0.00042880140068846486,0.003488682571253244,0.005138766824970558,0.0006780528653603451,0.0029534429621540996,0.0007551563717360095,0.004356897169162505,0.004878792628431266,0.00615312380540106,0.0006634178590496464,0.007523382287514591,0.0016550182872952463,0.005422585376521672,0.004538432655650097,0.0026027233019612953,0.002851672703790584,0.006063150189885396,0.0007319501627650972,0.003244979181101165,0.004751253449923099,0.005816883689135194,0.005425468246716533,0.0008215288359623067
0.009628252129040402,0.005630108700655059,0.006828292094855233,0.0005840028298538444,0.0042535678665539724,0.0027481480601557326,0.0029717969704987465,0.0036700453869548764,0.0022115692908284764,0.004739969732072662,0.0018030379495963535,0.008602034963349716,0.005566978101057076,0.005026459733730232,0.0027353717376893153,0.008144246598725344,4.837693235900983e-05,0.00825043043723447,0.0013935105549345687,0.0013582662393823882,0.0018178616861289243,0.004180788421164195,0.006693349980163189,0.0016278551767552342,0.007910002049539124
0.006656373127838469,0.008521901933812205,0.004908834387835315,0.00579589280655767,0.004482706821381491,0.0029716850792709092,0.0077942774948069286,0.008301780548841627,0.004841863999748876,0.004450233685831081,0.0017145945306475034,0.004586651112533825,0.006338316908273142,0.005725875758316554,0.004426981442478856,0.000446697503882549,0.004046413384242906,0.003267025095167632,0.0032855517732443638,0.003868340310871985,0.0077724372460176005,0.0055120012051297585,0.0071334305998997476,0.001616691260241747,0.001227042266468939
0.005897959978748083,0.0021651094879014186,0.00627637429975619,0.0005861432761872869,0.0052591652505498895,0.0070148206006598835,0.00612625598136958,0.001667604684376488,0.006450766011151091,0.00037532174071341836,0.004718113551559074,0.005096419078742048,0.003813254750751322,0.004057388884266335,0.0016296327777200095,0.001489378312169666,0.0011500825005988705,0.0066324283067212796,0.0006867938818779787,0.006401946757090738,0.004217755899943217,0.004761869773647522,0.0023645485863298256,0.004313668575528856,0.0013731264593555578
0.0002724798077935339,0.002780398480386234,0.00037792670947180227,0.0020852221745116537,0.0033671532210649575,0.005824215003633796,0.001613705680658034,0.0063238513203040525,0.007701130231375925,0.007017001192942977,0.006550242169118988,0.002129020791583115,0.006344915634472959,0.0031304867218626205,0.004997499489876334,0.004633194259095741,0.0004988050625066777,0.0012323445233273567,0.0072424645342395386,4.5029555927672934e-05,0.0016602879340994888,0.0010862737140419972,0.0017394339713152481,0.00526454708679628,0.0031205529164019578
0.004615473585454495,0.003437292258746183,2.7903074346145465e-05,0.003237549931387954,0.007195630686773658,0.0012983473343154126,0.0006541771206542316,0.007510287455170072,0.0051471202663977,0.0025908268948803296,0.00684403412188789,0.0031046706621589088,0.0022448796514428267,0.002092650252629388,0.004320563905682978,0.0036025584995801204,0.0009456701867896869,0.0030584025719371786,0.003478616044251133,0.003794911994711835,0.0036880378546727084,0.0033487789068531266,0.0065629462190962265,0.004026948243275422,0.0002548410607235117
0.00637294059179624,0.005938625385241858,0.00354278597054721,0.006087162093126615,0.0015244262505401348,0.0008109121827503806,0.001019439369246906,0.004407214208013068,0.005163180400439136,0.0028514321873287793,0.007681263132231485,0.00037555999670236016,0.004383863248206943,0.004559419632552129,0.004812161456127453,0.005482572717636532,0.0013675070899541698,0.0032788885833208645,0.007043489881584585,0.004792578123381711,0.004925772618030752,0.0030237211243789356,0.004580680548516473,0.005623835118546551,0.006727812057037049
0.0006196852804541365,0.002826798139720744,0.006777819100534673,0.005735564801570696,0.004004481401308608,0.006122717746666632,0.0028271120556179114,0.00016751597111696413,0.0034274915270708734,0.0022964509666788713,0.0007170402035950712,0.0022706719963488807,0.007154856779580803,0.001081210472759501,0.00455299996909917,0.005220304414232518,0.004358158645182374,0.0032901372360755166,0.005479934562394092,0.002096092711487145,0.005976057700830451,0.00497236648880706,0.0031949617240392457,0.004961977570008183,0.0023156118164041842
0.009704005895278046,0.0010582665155802404,0.001397669414853534,0.0020535019005206907,0.006067739492007474,7.73768212929647e-05,0.006651518933701933,0.004577359897093016,0.008080172831207624,0.00176252049240987,0.006117886457138369,0.005182374677650683,0.001593543318489031,0.008481439874147017,0.00026443856225832744,0.007455556650012331,0.004779961591851275,0.00037236280388827674,0.0069034877775691955,0.00602872333454899,0.004104688300371512,0.003192608505495263,0.0006576372564726018,0.0034296203614590944,0.007067971275497685
0.000682071447101837,0.00493310144592559,0.0034969333574430446,0.003739952069513158,0.0007570995235161114,0.001974617177053803,0.0016976551784244557,0.004415898445442089,0.0037121979142584957,0.0019194161686091086,0.0012635278508787888,0.00673817233092328,0.004407856659636044,0.004426293083888442,0.003926268315609224,0.00744188764162845,0.004026396965241574,0.007594636903201096,0.0023079660331624596,0.0044364116390037504,0.002366413697851615,0.002721673072968837,0.005790350154165073,0.005975654257718899,0.004198607765490884
0.005962593501403062,0.008113689189836796,0.007373088412187746,0.005355105801724353,0.0023506270507201756,0.0046057252037824065,0.00022838163484619313,0.0012175927746978256,0.005552727564857434,0.003951085060476932,0.0037085422301239173,5.94480015117152e-05,0.005217979586956546,0.0029117654422148843,0.003297810121179185,0.006858050954662904,0.007206913531377293,0.006722127773176042,0.0024404602115920605,0.0009796722817460434,0.0021773438254860623,0.0055443443448587836,0.0006225120805246708,0.006682472934069442,0.006633303660809586
0.003135969728693582,0.0025097086274932894,0.00331700318530712,0.0008179901340068613,0.006696716798264292,0.007673903961469259,0.002125882280435765,0.0008422696536721334,0.005634496368432941,0.0008668774699005197,0.0030684206815719097,0.0041468828628849295,0.0023950557193847207,0.005432315271672397,0.0038568073036903505,0.0014313132461683897,0.001993746001710206,0.00684047799985417,0.006564830007464386,0.006754827796647457,0.005350875925412732,0.005828160306536558,0.0048073153374420035,0.0013797016299992976,0.004145450061713598
0.007500603227763196,0.001444126327898146,0.003906252950557715,0.0018940593479646807,0.005806628563019675,0.005900410258995448,3.181356200006879e-05,0.00015528611357134423,0.008017261203868847,0.0015592408878952217,0.007351862701982867,0.005346034987355038,0.0033481153121924004,0.004927919614119725,0.0021790706135151523,0.007691694452196963,0.000895231560250855,0.004422907550268185,0.0012472880858924577,0.006965541714482083,0.0002544398354160162,0.0033543067103515047,0.0009072581460008923,0.007618171552644606,0.005265127573056291
0.004347035335123827,0.007058189007620754,0.004259068574879888,0.0007710299351672668,0.0027587000171270895,0.004575277952441588,0.007268616999565456,0.0022002670977757577,0.0035488418303585034,0.007009331328408703,0.0058655637693321135,0.007827245765067882,0.0029940899520940556,0.0008523315949035735,0.0026875030474903267,0.0035759821435125076,0.005998499464563647,0.006231833724660558,0.0065195826210987275,0.006869302077812836,0.0011729494016819763,0.006207507071683077,0.006982115712603989,0.0008429246823711188,0.007601500993152335
0.0008372530166700511,0.007084306341447139,0.004973701818654708,0.003924252473259448,0.0029298193866134433,0.0016435030346440942,0.0024490944836539855,0.0008416006430754007,0.0050146181668960016,0.00556424644312403,0.006400117531998535,0.0030003793154111213,0.0024599420378747226,0.0035689954095723883,0.0032180609098231734,0.003453688439909205,0.003866362418871683,0.004489932795311232,0.0063410519923211475,0.0015177308399972652,0.006056483943549967,0.006899904421707026,0.007096446898805613,0.005196591723307433,0.006862896344741057
0.005065518326698208,0.004054005243500561,0.0005065758542750834,0.009605478422044775,0.006146346240296169,0.008806279489143509,0.0024285123508879305,0.006495895014467955,0.004424436737928762,0.004878097840818796,0.003741529747453406,0.007330929324371894,0.0027887544434840473,0.006033262412635979,0.005129376915304799,0.004034599730804903,0.008254303065709257,6.123197562689462e-05,0.0007832527578167401,0.003541276725385989,0.0032192199875765186,0.0060891423909195785,0.005938805825165509,0.007668069126292484,0.005682416763738935
0.0001448256870867495,0.001696197157838194,0.0037810265199926412,0.00552982538423126,0.006205511205393724,0.001194961007977438,0.0024517327529179006,0.007593748496874512,0.004135412571828488,0.0025344192337105444,0.004945561803190466,0.005077300962406119,0.006455184642338639,0.0009288130818277065,0.001042196875083816,0.00724042348908758,0.0010820098980273288,0.004545093638552226,0.0007469196733129533,0.00344341957085199,0.002332642715504806,0.004001103719680243,0.00551930409104357,0.0018984925957379896,0.0015118036896830994
0.006933342281313453,0.0012971897937028372,0.010865284391757227,0.008251558696748608,0.010040647221899634,0.010212782853482264,0.006106773841523042,0.010283394300371831,0.006739728663038674,0.0022967856289203823,0.0014757885953532936,0.007714104173652824,0.0028640464449145244,0.004268821900445983,0.0002631893513570248,0.0034438244925603977,0.007160961689907339,0.0013347076453002866,0.0015315279313369314,0.006338471276986168,0.006367766700607609,0.0006261891815661007,0.002189907558992815,0.0031024159247711566,0.0004520864684662732
0.002142103855277383,0.007554696450115469,0.0006119813313559134,0.0021225141244516706,0.00699289053532254,0.0018991171810887235,0.004738598329902503,0.0026812591949721683,0.0028856498926155293,0.010019671196329686,0.008134981853339602,0.0041859422052689735,0.006870460930027722,0.004366345611146298,0.0073124192148294855,0.0038527735434423717,0.005503509154973386,0.0017239599287355353,0.007841474070012417,0.0033139213683669754,0.007263125076862921,0.004151370659790507,0.004998766529730279,0.008700681901985823,0.0006480810539025542
0.00013282431925874694,0.005693224575705615,0.002009301608226588,0.006246413896671053,0.00245557791709079,0.006511989356005001,0.006511407844217502,0.0006765072859230124,0.0057795026276285695,0.00037242923070847703,0.0028950193909769643,0.00601182706078525,0.0058914563981244325,0.004085935463552052,0.002188257814985802,0.0035417906306814567,0.0004216812562780461,0.0035110651751665573,0.0029160461267087514,0.006777903089549638,0.006040215908134782,0.0063264670077451835,0.006727176702494701,0.0012808736433851606,0.0007506474942030591
0.011015961980307338,0.009498943776733536,0.002571714715117748,0.002402079734156489,0.0008583436408998361,0.000500778939490728,0.0044581245887529205,0.005486947712419101,0.010253023317290335,0.0005453176082205805,0.0021124317172124827,0.0031494888489278735,0.005356846754274656,0.010523268151013919,0.00956750156356412,0.008715891572225945,0.0007263889116007119,0.01105635530458476,0.004084708401190807,0.0028948628520254335,0.005506446371181959,0.0015123547927707716,0.007548307160752821,0.00951386713802958,0.004420182875588971
0.00548969846927726,0.007842116383110359,0.004903830883574157,0.00784677023093073,0.0038741019145853758,0.004131301616192643,0.005571307506097012,0.0047701137477212515,0.0014199235331371286,0.003089344455225076,0.0024050733902067196,0.0016114738694260652,0.002457202306680601,0.004424409749832402,0.00605577113081677,0.0013765980620180347,0.0012670142868589532,0.00825315718497853,0.0010136249335244243,0.0030510815516425157,0.004151869240376931,0.0006529222668393217,0.004555811487459269,0.004844273173793725,0.001715099770985754
0.010875570525625836,0.008483890725179846,0.004108780804241263,0.003479619348801001,0.005359111400858417,0.008187386368595544,0.002706141370336086,0.012232373427822197,0.004663225268563766,0.012639483707567439,0.0068558542154062065,0.003962400197134045,0.00702966580711789,0.010830539324260431,0.012228992199686737,0.007056855756296256,0.0023558419287217185,0.009212119294541162,0.005665420226860425,0.006011321193584173,0.011305253958431878,0.010317955270704542,0.009987661734420951,0.004788263820899614,0.0034017383611367304
0.008297907665452877,0.0073274319461039536,0.00031341159354948786,0.007354966012331403,0.006427736240698213,0.0028034122447159722,0.006318340415093982,0.004147591049877652,0.0025232983536100676,0.003879619744094274,0.00021869264924752633,0.005267549246198509,0.0003372121190754461,0.0054823793243321305,0.005032130301855922,0.004451630096062724,0.005028092650794861,0.0025103126011414775,0.0053873948403408405,0.0037468023977423937,0.007459051395627475,0.0007566325375499304,0.0013778749298092477,0.0026597964710451745,0.003048442109693577
0.005906758009390463,0.005724346430861191,0.009471927313072687,0.0014165599109746728,0.0024356154159031244,0.0034215861660834034,0.008881766377651307,0.0006214654696259335,0.004535087823779818,0.004474408673307054,0.005253233739165076,0.004265603056494906,0.0052705703425396655,0.004609671962973106,0.0010958855955168613,0.0003429726787383545,0.0058291019204341765,0.0029312246311250754,0.005802967254017468,0.0025393724838847446,0.0015708980234661748,0.0013014736694074325,0.005665861303132473,0.0036753240548927993,0.001807566829868273
0.00012700276325656296,0.007888772582060574,0.004399563440609345,0.0007761018644510595,0.005404560812812546,0.005930252958363229,0.003587737712325363,0.005229065282428865,0.0052218236426111,0.004777365954401945,0.0006002756450421723,0.0008717680992120339,0.003497847016547012,0.003016331873156622,0.0023420582879270075,0.00635623692379044,0.0037041769001941137,0.0030502604069871007,0.002058880086642012,0.006397347183981597,0.005606319473393337,0.004030284446645503,0.00717639428146988,0.003437586166426427,0.005223347119076654
0.016565253127490367,0.0028077559803858223,0.009072412516837361,0.007649140718178727,0.007115944829922194,0.004999778069048912,0.008131486608286314,0.0029518497919967164,0.0009794273960903655,0.002977690139304184,0.005683235048627518,0.0008685940579093357,0.010014401439073064,0.0010749977822499504,0.004337368612600872,0.004458457552901185,0.008748600141268627,0.007914706630781235,0.005121188344623457,0.0005730417718339898,0.004298756013897558,0.013415295923283789,0.005365727740538734,0.005341753264204872,0.0037015611216927717
0.00033620760545487985,0.0022304733582381372,0.00937563231999648,0.0004076481414382751,0.011481056780842354,0.004581174464418662,0.002020090601014141,0.004687121440953573,0.006725479997119843,0.002166050906181363,0.0026790901374786867,0.0012318456166815243,0.004853334333786763,0.0011161355107562935,0.004300973206045959,0.011611297526519874,0.00600567809960222,0.0057318867337757,0.005438662466927111,0.00044994428763149683,0.0032471020958744503,0.008547657160496049,0.0007127632245041798,0.008306779120026236,0.0041730478338307285
0.0015111581642832778,0.00438733538463844,0.0023354457628351503,0.0026844659289616936,2.0266131744358856e-05,0.004114183288610506,0.0012008939762311829,0.0006907796211734693,0.0025957344492555947,0.005282409927469394,0.00472872908361763,0.0010373803145975454,0.006083391321252543,0.004598841269913615,0.005049348016627016,0.0032534327022852596,0.0015537374332840496,0.003854528927889534,0.00407927277607836,0.001032198580771918,0.004086475922472134,0.004759479079609911,0.004042938639100261,0.002785540366733227,0.0026167902541135
0.004860435473433242,0.0004173231969327861,0.006086992138142542,0.004254673407520299,0.0018234751904230007,2.849721587211594e-05,0.006071998737352409,0.004866014284257168,0.0014572145518246325,0.0057266339137037915,0.0012707508219772343,0.0017886270557600534,0.0013671999756638444,0.003537867628671248,0.004754399708783501,0.0015701085913624579,0.003325233880282427,0.003009245523627211,0.005023122017504071,0.0007057402268604144,0.004792145766385015,0.003343820206120408,0.003278339996634771,0.004271859896989713,0.0014329281761271706
0.0014752051297479102,0.0032727323219668776,0.0030290652261312167,0.00540323864210242,0.005111539903679512,0.0029453054314681187,0.005725655572151052,0.004965353649843755,0.0016103872991010636,0.005531237871185351,0.0033075332000954815,0.0018486948874359194,0.004675521652593203,0.004062597094116867,0.005925238021205348,0.0037851036062020384,0.0026446977143702462,0.0048781542653797225,0.004664951107894284,0.005418540094114998,0.0034404149239611456,0.002525398079926632,0.005292893451217755,0.0041253657497105235,0.0032016087965677344
0.0007272579994991962,0.0016568827960083755,0.00486857348856655,0.0014513573546736632,0.001043490362495147,0.005880603853937905,0.0005722772926290257,0.0022754451300053937,0.006207236405405609,0.006306392304898149,0.0008011213178637103,0.0028909949421515604,0.0027978202040861554,0.0037010080432543302,0.0054131160497032735,0.0037321356843492406,0.004508883262786751,0.0009558115889646148,0.004955515400273255,0.001486254166651745,0.002037769759771726,0.0049172398342313154,0.00126898072601751,0.0057814962064554,0.0063960790448112075
0.004392670235487231,0.005946762474839602,0.0035001473295038247,0.0019916263557575673,0.00038099099349277703,0.005286577778177186,0.002191463874048931,0.0018456802485812378,0.006336534824311944,0.006169538141192151,0.005573624754364706,0.002813880361447649,0.0008940571920629898,0.0007730587887919062,0.006519352950432411,0.004799726344641488,0.005540458349058614,0.0038621070944288172,0.00601801305924372,0.0037247367242691947,0.0019553157264559926,0.006026995667018054,0.003890855496234036,0.005942213841691323,0.004668962851869099
0.0002709078123193272,0.00021945898910881415,0.0017315481021882128,0.002570179201403598,0.005871651131244611,0.004560371971404732,0.006514150508294606,0.0023132518520469665,0.0009190402344892232,0.00483593604489023,0.005423157343915394,0.006155508865539667,0.00045294622147143865,0.00404293396665258,0.001040610334654798,0.005668164409389764,0.001604880542230112,0.001280350099463659,0.006693549093371618,0.005210731865943318,0.0015597124646828861,0.0026073003840955313,0.003384026307146987,0.0013930172015851265,0.0031982097871961143
0.0002731231465819077,0.005262013865488612,0.002824272730064271,0.007964767678760214,0.004697424487894503,0.005031885391459145,0.006670496018464088,0.005705160251592914,0.0044741945365489545,0.007114696959725563,0.005183701939862418,0.004290501810694201,0.00046380314484214706,0.0057111235266217525,0.00402890574018898,0.003903977037470297,0.005670427291889182,0.004171978638816196,0.003021016070700915,0.0035296367862584065,0.00019456830198337572,0.006035879663648206,7.673607081970038e-06,0.0004879000362721727,0.002832419265674349
0.004742603413503083,0.002912946672948558,0.009657103989651698,0.005886427810179807,0.0013560881465348015,0.007171301931010655,0.001868542094229634,0.00039874165644334536,0.003481679359735852,0.0042121960350786965,0.0023808927509045524,0.0007253853042197009,0.006734454524571104,0.00968500871307912,0.004553135139535112,0.0010794547913510338,0.001831043251759304,0.00785652665072813,0.0061868766605704525,0.009247408915830955,0.00011865085193055019,0.003562012789964578,0.006868387193167525,0.004770012660615474,0.0029531979990645085
0.007511662203128125,0.0011532827234602813,0.00946084317117425,0.008119052381448461,0.0075573273309662015,0.004453312813204048,0.00800407213645481,0.007414078309915544,0.0029418951130863813,0.00272784700602032,0.010298460477101,0.0106020280920058,0.0020410655210757606,0.006571635831768707,0.007067563317913525,0.0034915680807344036,0.005719749741195996,0.00035617986283662006,0.011078125820240396,0.005170512117923878,0.003167431469867795,0.0005434628423138742,0.00045258311704322727,0.007578756495440018,0.0027182264194835714
0.00222621182076734,0.00523473363982562,0.001837581943655339,0.005084777305447936,0.0027077340044885743,0.005029149722377309,0.001441283322800693,0.004747862033399401,0.0018738862813905556,0.002208001054212068,0.0015594116349473997,0.0012882619127283458,0.006172513622971285,0.0030112737478398847,0.0024048435868679993,0.00164546072444758,0.0063663621745593205,0.004144525948809508,0.0017636165051949954,0.005272610578764149,0.003172677783052488,0.00469734269959466,0.0045986544959240126,0.0056209171553983,0.004663920298366017
0.004443740219073834,0.001590620346415275,0.0037076171317360312,0.0007141400216244161,0.00032978964801945557,0.007519284581856643,0.006955472102544335,0.007931178710824004,0.0067147354718610245,0.0064282023600293735,0.001197300140532326,0.0013424977953508423,0.0021971493604210873,0.00429279660838743,0.0022001716579341294,0.004773224509873279,0.005492739048480789,0.0027162666396174603,0.0014775132309013184,0.007249167331643354,0.005053769535917211,0.0066037867598074725,0.00372135952591278,0.0015235412148835185,0.006996275290936559
0.011956630453993231,0.009687342193209148,0.00919805449894055,0.0005178039007238575,0.009341566696301025,0.0009257734425476584,0.008040058582107117,0.006214995199899742,0.0006066066109015937,0.0030532555900705384,0.005907277483250033,3.419590242599189e-05,0.00569197835767784,0.0002682060477602289,0.006669437453713104,0.009637251668325398,0.005609535704423543,0.004309777082305165,0.00945521573876532,0.0049706783586347955,0.005178585549346339,0.004414644095524697,0.005935539285878333,0.0003276868083552523,0.008061199271774516
0.004234170116205848,0.007194949496944995,0.0054704463610715055,0.00600029165632281,0.007342020560461215,0.00015654024875586312,0.0051093060204058845,0.0050328378834524545,0.004025118207139618,0.001878917004714902,0.005413037580298039,0.008144093711001225,0.004472755597372732,0.0066583620425343,0.0006466096430803483,5.54614280750138e-05,0.00019879445908964146,0.0076457828648497945,0.0005984824462761905,0.005276079142985029,0.0011212450506764835,0.003131587821167325,0.00031875363507758884,0.0031957398806674122,0.005423630574228975
0.007906392737068264,0.002760389610936559,0.0008966730931600092,0.002647690206103938,0.0001329245569216037,0.0037753165701620217,0.000883448989150672,0.005755204336046049,0.006204406115584536,0.00142454228634431,0.003189963904161968,0.006608691190198534,0.007446333859980799,0.0014181526688347033,0.001595232888463266,0.0018043124989298742,0.007051222256079999,0.0018397477525750876,0.0012635967814634329,0.0023830961978340147,0.002680244250278454,0.0037137564466280066,0.005576764267103898,0.004061268734159308,0.002741731428061633
0.0013607647956820517,0.0014048365324969682,0.0029810160580145584,0.004333157181308924,0.0018386093891306762,0.0038815401745090176,0.005302619572651062,0.0034080719299162928,0.002780512550641481,0.0013903296554314494,0.0030417046037483873,0.003750408270212634,0.006676864310953947,0.0014092451144154324,0.00022475216807445498,0.005184190056362335,0.004976557232116082,0.006016950464662182,0.005589494497796926,0.004366223555689347,0.0047192121106868256,0.005645842749719931,0.0037626691473521975,0.00414809659569584,0.00201916837651311
0.0008280337827078146,0.011260925455858333,0.005140094409700131,0.012454388416217106,0.0035601120735113726,0.001048099346559802,0.0038056748534046766,0.005167638201440994,0.008940266466896309,0.004492788725745865,0.004821595198328341,0.005965416977708764,0.0006774584185291265,0.00103196267697344,0.011118606453744165,0.0010429459535422757,0.0019774449808088908,0.004610532182949275,0.006617853322076001,0.004293869009843132,0.006705350266141584,0.007554357474204807,0.00709124296072713,0.004617993022502845,0.0019153564156705097
0.0018238245162259434,0.0030335576098078063,0.0013356436650169795,0.006885101599460856,0.007048755730941951,0.0023847048011782107,0.005671836737650422,0.0037774969623503227,0.007811155846983369,0.002353616147526048,0.007934046144095059,0.0016698035095803379,0.0064973773247406505,0.00011477346730200748,0.006364865152081687,0.0027314149566463703,0.0009632026842889721,0.006113660677644998,0.0014283483259884253,0.00590338357918612,0.006501345260667426,0.006841178884253808,0.0030180588186617557,0.004681369639938814,0.002593807795109467
0.007997504404702161,0.004331127189352898,0.00444914990800558,0.0011892814943012108,0.00037743817916266123,0.0016165378362539794,0.0063748543086768516,0.00293124251677406,0.009104942705249112,0.0008224487661531534,0.007270353475036375,0.007157143001489401,0.00438850084993146,0.009472459101834252,0.008681477686507231,0.0038127736343232595,0.0001084160690971811,0.0016828804995878876,0.0036520269953865515,0.001037575313854776,0.005287744153292874,0.006235283651115511,0.0062321022260821484,0.006837291578457964,0.002217821474902485
0.004531602765222607,0.0017433991145173998,0.006561851134185086,0.0035377143478574264,0.005465105680121394,0.003174664276337485,0.000177508157158418,0.007303546446823384,0.0002791731925523509,0.012121895257055874,0.00340640017024958,0.00625431292519015,0.005677512877550915,0.0004330471717573673,0.010908894004900003,0.0024472945114544634,0.0024424661306614837,0.00039458685282757835,0.005850013722939564,0.009481116430396714,0.006878251870402332,0.006785874163167905,0.0068589149771946635,0.009658747717684898,0.0030485651954116843
0.000468911329735603,0.0002943067105696586,0.005446555577935323,0.0029454687180841183,0.0011955412359638405,0.005788446446525718,0.007077469533681687,0.003966900334943121,0.0014745076461898242,0.0036785187647045987,0.0030294473184321415,0.0036388945669848603,0.002114878150436439,0.005125027266474307,0.0005740911467120052,0.0020722181948945105,0.003644834219639295,0.0053889703787701896,0.007643160025751697,0.007401290944678618,0.0072089856784967815,0.004485758956267333,0.0024309533845708955,0.003202512856115148,0.007175477130688816
0.0024584961621785884,0.0026978099850966494,0.005719234453402901,0.009141310528349664,0.0042494823072071865,0.006265392260094927,0.0009310994308054599,0.007881721763842473,0.0024544387887713323,0.006890875212887653,0.004524005950146196,0.006803650594511071,0.0015663899358290985,0.00456464438870005,0.0014356460532211036,0.0051764349896688,0.008120797586680393,0.004077618244861703,0.0019342018458160457,0.0019561942306639784,0.00607112419304517,0.0007123373938464858,0.004850305269004763,0.008436663317143564,0.0024823715907882635
0.00921794187735182,0.00800844943002097,0.0052650133614102305,0.00614797236801121,0.00631622358815403,0.005894102156884741,0.001350384696821013,0.004343085693124978,0.008705183758022808,0.00621301178684662,0.0047576850830824335,0.006713382739448622,0.004403444186307452,0.00838100039197749,0.0016332045456143006,0.005150972951738661,0.008237671372294959,0.0032738279908807286,0.0007554844507789851,0.0039275145313180685,0.006686379543567272,0.003094037070608659,0.00784147595337059,0.0018985365989682868,0.004174019797692697
0.004870976814922662,0.004880095469216114,0.0033745274336561366,0.008898478255134415,0.008640485708649337,0.00016140629312675587,0.006729830116235868,0.002528323288337615,0.0004262711432313875,0.00939064294776017,0.00573754498270964,0.005423981940615522,0.007853109500665707,0.006061779572287019,0.0037213930324221604,0.0058798071463092945,7.063915722872566e-05,0.004231616676995737,0.000863734529337281,0.007032818055656183,0.0005407206378095713,0.004548527388589785,0.0009689575022240333,0.006475363249509596,0.004463805742045897
0.0024370141355088315,0.006373582444049575,0.003918490052188989,0.0013890099404893276,0.004923437154062232,0.0031310676466004736,0.00439349032871222,0.005364330229821031,0.0014525716007505244,0.0002556560639879478,0.005365831388251696,0.004799881945579744,0.0011239046627556947,0.0009037740610076843,0.004324181836957041,0.006683029803085105,0.0076772143296746,0.006713282898343935,0.002782619666524096,0.00030949432123690774,0.00020229156519991227,0.0023614359081938316,0.001355521297315762,0.004734629528204584,0.0016785315608120607
0.00787171366663864,0.003221834685598094,0.0007861959583422338,0.0018587887952435842,0.0024126640541504273,0.004214031810840241,0.0034935951314026513,0.0009380434459306243,0.0002858747872769014,0.0047915461331613325,0.006125323269730435,0.007180038774000572,0.007569444946396336,0.007544878035008805,0.002170216021645458,0.00694716667338813,0.005264891177949484,0.0009288602954816129,0.00690923180624718,0.004277475050862183,0.004911485108244578,0.0018209444114171182,0.003028411917186144,0.005568063611287858,0.0011830574164234655
0.003347035733416804,0.00030586428936558833,0.0026630015735412127,0.005219795170611743,0.003246650491868194,0.007563622171054381,0.0042389720224466805,0.001699988752223166,0.0008117480534097221,0.00024808893743790143,0.00034505978814645483,0.005066599518505072,0.005827564811904113,0.004893477244565469,0.005768237136634605,0.006882326138217649,0.006423913974487467,0.0029901568741210432,0.0006199081261889194,0.002894246647440135,0.0030563055310797436,0.0035972553671130424,0.005302429434243936,0.005771733528493674,0.0014277942438616104
0.00047303995384153464,0.001532321277331267,0.0029610741196605026,0.000751197818688146,0.0045410500833726,0.0014544001147419544,0.0005978991415493663,0.001345672084595548,0.0003351585613729104,0.002449429938715708,0.00010258396467908876,0.003913496171695376,0.005871678475450714,0.005931017518286794,0.004379629675932287,0.0036683333800852902,0.00616292968591673,0.0015570882008286112,0.002404600607344712,0.0021189123251366833,0.005950548517041842,0.0041490851472347785,0.0059285047583798435,0.0030253795072781218,0.0047582203471515545
0.004467559683518307,0.00463001610128961,0.006774244119415314,0.006078340762149068,0.005065484855996577,0.007001589574173912,0.0007374904647900432,0.004988970491374488,0.005356157938329865,0.0021848741929896627,0.006885356342303926,0.008015193134971258,0.008478049374190992,0.006494424316751647,0.007282636444202217,0.004437460051943162,0.00035354171080960635,0.007703862973765781,0.007125019531038348,0.004542068736930121,0.004840317460210399,0.00548125490032654,0.004329423176190398,0.0012864662164669622,0.007373809829671597
0.004086823108837283,0.0074228198670376515,0.004139196823736941,0.0010714909123844697,0.0004434052914156704,0.0011641538711678993,0.006045114915774758,0.0032837611886819625,0.002948701404357963,0.004532107562119585,0.005602013632100928,0.004081604310724628,0.0018937677206314898,0.00805273383387997,0.003410988934288688,0.002731043219179314,0.002182409910230919,0.004620304442629866,0.0023489768288727448,0.0063973234510950015,0.008087372037950189,0.006819265609691103,0.0017320068192982375,0.0019507342128262893,0.0071007712252499355
0.009074207855650978,0.0013252392608227594,0.0029862459797632113,0.0030648195686348717,0.0054328008729005155,0.003974575799122917,0.00657138964436672,0.00223874541932845,0.0024460518573654385,0.0030670179899843068,0.0025656299028501855,0.0068110390474111,0.0017196827165031519,0.00019258030069178357,0.006690025901508224,0.006211798007455093,0.003982413877831217,0.006970309578666046,0.006352795048864104,0.0005282849444661786,0.000538969293197113,0.0015773399353463068,0.005085216134218296,0.005851762544859569,0.006114088292321445
0.00948394132806895,0.008832908169154725,0.001046459406347758,0.008523244219434649,0.002885805346548233,0.009010031211642608,0.0075117020688381135,0.00795393265027275,0.005885421099572361,0.0014210907151684987,0.0011620718840927038,0.007753616943632419,0.01062782706270689,0.001685631690342584,0.0029829159743511554,0.0071202587900658,0.0004599550398506645,0.006542141686852374,0.007117964804370374,0.002843228040826435,0.003935800909070771,0.0013006688269571744,0.0023784476898327553,0.00219468665704931,0.006798960010268799
0.005493965943507854,0.005466906389223174,0.000342138449387176,0.005461238673331373,0.0010700524760254716,0.0004754040605610827,0.00509949090629644,0.0037661434009346926,0.0011144824083384561,0.0029226374266929653,0.003227202584423377,0.005597704100862293,0.004422292427877034,0.005182299401191057,0.004604173102568624,0.005328657418691511,0.0013971737085363963,0.00042409437844604655,0.0021016903413149366,0.002906169284018939,0.0046976926422179575,0.0034044011926897314,0.0010020562800952622,0.0036765390342306465,0.0033296136727000896
0.007950244239629013,0.002338148912252974,0.006913902093428125,0.00780342801697964,0.0027147530655309434,0.0006370394302072925,0.007956329059218968,0.006358234502277735,0.0025162419187787174,0.006960025612036872,0.005917858366829407,0.0021406999664776633,0.0003329049607210441,0.0014797257212446455,0.004146484739139144,0.0009451859933051029,0.008262883621500274,0.002402258401940824,0.003382095352380306,0.0031519468439167547,0.008373602384987081,0.0008878402162531101,0.008130260943190776,0.005011679576285079,0.0010528498893898276
0.0013755969763800536,0.0002086557014301435,0.0017288081832727996,0.0042846174415464115,0.003756870532490867,0.0035541954338702895,0.008529586203962181,0.0033493046028232366,0.007319615376459692,0.0003939355031731375,0.002463548579181045,0.00238992438968252,0.00048671031003096933,0.007092861293356045,0.0017500370820856866,0.003995066821250352,0.009303779624504715,0.00027815387790903974,0.003017914455635959,0.008097492799315828,0.003872459491737552,0.002010584833082663,0.0005588438720525542,0.005094335311542908,0.005103685939662787
0.00707443208968187,0.007540437595088992,0.006891820698848653,0.0006206763649244468,0.007964949942171437,5.2080247298946426e-05,0.0062537155006966326,0.0012698583590003024,0.006834778220478636,0.006254818193976855,0.0037549340678162744,0.0017268542090729108,0.000588756744667371,0.005051869474626018,0.002986150837188745,0.00013544373715921267,0.003936991270322169,0.0068002364482031745,0.003064356865126517,0.008317394550240694,0.003821837345636957,0.0031805225551148147,0.005474620735187644,0.0029143357414971724,0.006126605200373635
0.0010152642830721565,0.008547009498341722,0.010418868919432438,0.005323183605424158,0.007032494523950001,0.009876580413821945,0.009047828267463948,0.0009383858942876897,0.0010299525728111971,0.004825356459621499,0.003303639020004676,0.00037693557281168985,0.0076152883240649385,0.00942585876983282,0.0018728298649871961,0.0062369988979897265,0.007588111837790791,0.0039112900077318625,0.0018830757457604353,0.0029710466922841156,0.0007792784125438039,0.0006378064580413338,0.004322947073964091,0.005037991579920731,0.001839059369418691
0.0001198518825749731,0.00846239487608822,0.0032451666850569333,0.0009235410168173798,0.007907303831036133,0.0014768279946073013,0.005095394803141782,0.007985184529556192,0.005834524245185565,0.006127129933479492,0.0038238062410520047,0.0027159802425532112,0.004044328732601166,0.005641601914253495,0.004691377903751804,0.004556983172078108,0.0077043534877086406,0.005021730775622473,0.0025956115000372168,0.0004435586913746311,0.0063722882070517675,0.0004045897458183293,0.0037711988798442273,0.002133792678366922,0.004904130118605251
0.0037480636255148615,0.002836140199926731,0.0017675478418857171,0.009796273991386722,0.004018258926694212,0.0010182767474054965,0.008773487280166654,0.002825278672532184,0.0021149651452758776,0.003974430007553248,0.0059791100949718335,0.009159396573689926,0.007642939178362979,0.0008181897204046726,0.002705069721657778,0.007176794349532303,0.0016902638475927534,0.006304508256067746,0.006682704017444658,0.00963934011536551,0.006036250280194334,0.008091449434479916,0.0020257354308332296,0.0029029253129103866,0.005718964259661062
0.0044284691542134545,0.0020540183696379517,0.004479655998345262,0.001245060511282978,0.004544168526337343,0.002768782957007389,0.003292237426213676,0.0013286344699308629,0.0058644789488058405,0.003770109702937879,0.007890389496149865,0.00662218959434603,0.0016099891336383532,0.001433620561445562,0.005750675465262669,0.005970293284702987,0.0008629888493841201,0.007031610531331386,0.005738386825333142,0.0015879523964699071,0.0015838724703762235,0.004023666261321017,0.004699016979076059,0.0014030017259620184,0.0018657563316426787
0.00449059065996604,7.714131780624334e-05,0.008938532791378472,0.0025775488253181604,0.0008929370235623727,0.005192919361568168,0.006661213948700391,0.005810191056393664,0.002441547327957802,0.0028304656097156594,0.004624734256807629,0.004250207407650174,0.009164229333115122,0.00691362063481608,0.0032261074975489887,0.004949712408223503,0.0057960956734378205,0.004384592257814382,0.0034691391334505583,0.003819833563887441,0.006068880339245277,0.007085524169330671,0.0028397274865235847,0.00662445132296479,0.007061987612531527
0.0016032078852687781,0.004367142120084342,0.005512623599573778,0.001680922473661233,0.002999232142781198,0.00882527944749003,0.003627005741060577,0.0003746576351594133,0.00030549676569459436,0.0040297708052737065,0.006133504270067295,0.004713484474827007,0.00314935599839606,0.007010493764524915,0.002643278886321428,0.003496956116007076,0.008205583427773536,0.006155775843917673,0.00403002317413863,0.007267343823849135,0.0016678074291304758,0.003516854235348186,0.00600444506826786,0.0019220119534901596,0.0045988486148731186
0.004898808147960546,0.008953101194428683,0.012712686189223884,0.008532712337738757,0.005573634466276482,0.0017427133483500599,0.0028090292605541488,0.002357197503711107,0.004944139901448678,0.007038127868640454,0.012463153615557531,0.005645153059055259,0.00539204359062327,0.002305881135941001,0.008804483591625127,0.003910537487570767,0.008302699518252247,0.0054483071034790815,0.0036055615547735675,0.0025169858800907887,0.0016967172849277846,0.004327195732071034,0.0056007548111893495,0.0044816841878394026,0.002851409466111456
0.00788192238557139,0.004043205143366829,0.00676812127846053,0.006799797509990046,0.005537006482362244,0.004649069719916656,0.005582600422009516,0.006963277303254807,0.0009564688205331433,0.0028021632762974904,0.004754891303874403,0.0031808950096289413,0.007403495523192137,0.0038014272762498815,0.00421693623085502,0.006491292807642112,0.003959549337226776,0.005082626146123894,0.003379936299366058,0.006316516510063846,0.006587508881077885,0.004038956563621348,0.006028259420623809,0.0006949123969139741,0.003988662519394827
0.0025696478191555186,0.00013383878188103924,0.007131428549317272,0.005991131734312587,0.005930455470017928,0.009404213375752764,0.00037669579672308705,0.0010160245360775666,0.0075236667268381305,0.004061464237849226,0.004033020948052545,0.0019691977997339425,0.0014446402316737016,0.002958535169318258,0.00619454299932921,0.0012273088161893263,0.006337988745021575,0.002492378345517295,0.003651061595354323,0.004703072426133638,0.008486060398084631,5.740710634168843e-05,0.004923244256357606,0.0038236730713204904,0.008201856258597595
0.0037890056038630804,0.0005830273261278838,0.006304394653564218,0.006554428013750714,0.0008000685360474288,0.005433951198174577,0.00018730527135727538,0.00022789729219596766,0.006614332048397172,0.005235335642285496,0.0030747943710337745,0.0003377527729444723,0.00026932822792471387,0.005952672243492761,0.005595131170847438,0.002702542106022502,0.0031755600198497902,0.003601114992688886,0.0012095813337858006,0.007328451869160934,0.00392145119200587,0.0029403209012129738,0.003927562342631686,0.0036908965441597367,0.004556093698527547
0.0014897597989976556,0.007433100321627038,0.0008348530956958284,0.0022008550183588407,0.006307823743971936,0.005103939025948573,0.005708627878051775,0.007172205782025021,0.003771633897004736,0.0018725708485793121,0.0020462746364226154,0.0013021342270596668,0.0031731708384235076,0.002994699383869701,0.002330807011512194,0.007308562470391507,0.004933439810375973,0.0008557679061713385,0.003322894402631164,0.007263090668930712,0.0028807402974305144,0.005061727821594143,0.003620879177126317,0.0013863667305204018,0.0052731590511140075
0.0060463875265697525,0.009010301609486859,0.0014005121978524228,0.00034865025078478583,0.0022045768459901132,0.005945728388645199,0.008304520177481992,0.004686559896477215,0.003462850059246109,0.009586433593293807,0.007630985302990971,0.004999588860622909,0.002146356367621151,0.000349198086729151,0.0042076214128204245,0.007653723220843632,0.009491042584850728,0.0012689752479434274,0.005482567898385881,0.008529400258751381,0.00020342468391635411,0.00017589661745694325,0.009586617980939351,0.00931130045046137,0.0013533154144319147
