0.006640990152928262,0.0007742453404678591,0.0062377038660634525,0.0012361763383176873,0.007554532054987815,0.0017351133386578803,0.0008331245725034548,0.0023838675313120846,0.0029006750880604805,0.00870086703864577,0.001895985834402583,0.002263565886708419,0.00015360703191824316,0.006955058901753774,0.0012786156756729823,0.0005001680765672391,0.007426973717555368,0.006768658600465406,0.004363898289854598,0.006464898544397537,0.0018463784245382156,0.0027098180976275503,0.0026009535456892065,0.003849111123082969,0.004750080177009588
0.007545813682553539,0.0010026631260083047,0.0016198626655230931,0.0025880122102345782,0.0010778682417922666,0.006964367223353471,0.00022554807458104935,6.342703969845068e-06,0.0022699890217102695,0.004618732568646815,0.004916449655288243,0.006447029518136863,0.007047620440765714,0.003496018410547279,0.0031759901861427332,0.002081080072272328,0.006366350045553591,0.006146254621188577,0.0008446003759637907,0.003099844036212499,0.00631219524606033,0.007154359397862086,0.0006794300404961243,0.0005694908661490904,0.003277881653661695
0.004317813481002341,0.0045951208742983,0.0010798730028580025,0.001562867594712314,0.0027845610064664655,0.005668633224485849,0.005399405873531703,0.007005284257077261,0.00024244920208133932,0.005582575672774978,0.004921522252767135,0.004459733021205199,0.0014942361981909518,0.0008037967890613313,0.0011538693216206737,0.006342016294926364,0.002862570467735195,0.004845126235519234,0.001664819572213636,0.002372807122355492,0.0019252848508925114,0.0025944020823880265,0.00616001127200099,0.005541010991836059,0.005532276521700813
0.001978518218982647,0.008147623643143068,0.008733044533068344,0.005294229149202456,0.004158352331122004,0.004002746432680998,0.0015339145326737924,0.00454807334007678,0.006095952936061997,0.004005970893794825,0.008578896194353102,0.0007022086590563183,0.002938860332922976,0.0003572378603233615,0.004834229353253482,0.003716123388962519,0.00682479452146194,0.0005978370546855542,0.0055551756665110615,0.006333484694266792,0.006476455345852542,0.0023872079224142766,0.006000918847729598,0.006030475306084322,0.0035962853850133336
0.0014504024522307727,0.0011824111489999272,0.004954741831745774,0.002838933801276617,0.00148704524776127,0.0005478233557820073,0.004772389200577129,0.003028054076280694,0.005047116332885806,0.0020215785300436886,0.006447083365338224,0.004013944800889067,0.0012256002635462403,0.006444106653405318,0.006036552218934932,0.005689740494557085,0.005253830930819861,0.003494551389834232,0.006106707148250535,0.00568030142418898,0.003489977732879057,0.004299677191877798,0.002728980964991651,0.004813987768039582,0.004344583770635755
0.004783469212380011,0.006289002464460454,0.0023653938493626227,0.004391042051819753,0.0047573906684894645,0.0004198540802518489,0.006810779677233256,0.0015531355856857048,0.0019740036104219237,0.005198912365035206,0.005261449488716045,0.002884650765595326,0.001099969955419608,0.0056869638307304555,0.005576381596391804,0.0001712157096411438,0.0014689463390494962,0.0037335155929365785,0.005117869628830251,0.008570315618311123,0.0015119417466615101,0.0016616431522537404,0.005006819545994914,0.004806031121907203,0.0004974433187282043
0.001310515920544926,0.0028289780876310806,0.0008797794766112675,0.01070723810865552,0.005559532829616576,0.004616172097178353,0.004673988785308386,0.001905179375223204,0.007044943884489291,0.009435945479659822,0.005417042305726014,0.001987089438637452,0.000294272154278865,0.006819451696959375,0.00452073683238296,0.007929187664977586,0.003262128076879949,0.0030742781717288154,0.008346287306735504,0.005872740498073024,0.0023153153768550113,0.004278113002605044,0.002610330274052827,0.0007145006340741569,0.0013574584247935135
0.008166602053827904,0.0020214872991579065,0.004364305949468304,0.004536639876190147,0.00788403802509313,0.0060706260598202555,0.00021624583609501183,0.005954277456708432,0.004390828067726547,0.007048992313294865,0.0066009538357047716,0.004815428261553116,0.002448049097091822,0.0019941576834713094,0.0005975163900830557,0.007345519830035064,0.0007460842212778629,0.007161517824414293,0.0006756238515697528,0.0040325621608993745,0.0023752074463888936,0.003388684572813653,0.0010363579455637732,0.003757926003256688,0.007143921083439191
0.0050209187515601085,0.008488761852034798,0.00628156374890775,0.005287356546822542,0.002926292125383394,0.0017119413963601424,0.0056574198792044275,0.000845404468087208,0.007574844409323617,0.007989294376595122,0.007989102181870432,0.0006736926658931129,0.002307220606125355,0.003492791558934103,0.003051533042419086,0.0022267481661838893,0.008276632025286326,0.0028388364148094094,0.007201037085009314,0.002473816758225952,0.008133714976470913,0.007252888477616331,0.0023924635135320147,0.003137391011010707,0.004927546014394911
0.002142706140674074,0.002910242981692456,0.0022983334868301258,0.003863446504537679,0.0005396789867023118,0.0009339659044717196,0.005716029540438656,0.006670627733800379,0.006738842192778911,0.0034701043705042183,0.0010835200617092988,0.00029457975249817114,0.0037664846691691373,0.005983171697785427,0.002552783582066196,0.0016656979901114354,0.006927533300936734,0.0054638506638968526,0.0033923237646156265,0.005838455776343612,0.007301709068882013,0.004795260883480679,0.0011797064044280151,0.003384853547731092,0.006011412563868874
0.003965430881567264,0.003458062661677488,0.005106407326030567,0.0023555952378578843,0.006830986304399333,0.00438847623805627,0.0025458961997366384,0.00771642540024985,0.002848535094657506,0.00542668343031423,0.002722233185053536,0.00563391131612029,0.006175495540829996,0.004644375298413187,0.005158080594230534,0.00280174975981537,0.004664056497080849,0.006170516375774601,0.006350655941659798,0.0003799122267794356,0.0031674233001399224,0.001247620075518324,0.005306056776050337,0.006621748335450401,0.0035238420270069107
0.007470125675104572,0.000983103769476068,0.0019756150208325276,0.00012414080365284204,0.0019937933564154013,0.0004124499074254359,0.0011624787644474769,0.005269777986527775,0.0037313259132266204,0.003067732166921274,0.006549406208253821,0.00337306617397763,0.004378276380495195,0.004945996986316799,0.0009390821902972643,0.0016141371530314992,0.006864070185429577,0.0028500852722996256,0.005215352293380555,0.006868118594139637,0.0032647084779682256,0.005548023682922201,0.006807779485582188,0.002765314663452709,0.004143674300062183
0.00222013351609793,0.006318325906401723,0.00731389930988351,0.003617734484107792,0.005368983964943795,0.0002054034444162516,0.004522197944264232,0.007698098357696415,0.006426362369083587,0.0023633385290516623,0.0005188667408099657,0.002267776040202419,0.004395133559551636,0.004703170069869402,0.004588862047867766,0.0011144089049214356,0.005285413105670444,0.006603038238473359,0.006880238575581329,0.001985150277851876,0.006574712055293701,0.004637734575007788,0.0038379220756680882,0.0008928648043268672,0.005972206228807373
0.005392436182010093,0.0032814120349434865,0.0034481709295214416,0.0063697685868798586,0.0012378203184699383,0.006410844507121729,0.002940174385947422,0.0021581516303349844,0.004144050926224401,0.0019773307784729886,0.0012093979054121635,0.007498931100263109,0.008226092290205867,0.006948640440541433,0.005385133242521887,0.002695195522887754,0.006327107537149204,0.0024634141952564617,0.0036597599111384493,0.00046840339385456116,0.004143535631332281,0.0037689022201378244,0.002864680593413293,0.007680700318381351,0.002901094750158522
0.002959128754098667,0.00043426799214834857,0.0058545896629058885,0.005634610154303237,0.004448055742203862,0.0066484745795704625,0.0014890435375360038,0.0028858905104637025,0.0022505269612123706,0.0027917125572766172,0.0007685815992900006,0.0034212269345337224,0.005907608688756962,0.00561239556740361,0.0033265859860505047,0.0038892038188131895,0.004043587704074121,0.004093223725486129,0.003393170519441594,0.004263485035055438,0.004105582034698098,0.004859525755985022,0.005822552529629804,0.0014114939377160513,0.004434396082196577
0.004595774788616641,0.003652275402917286,0.001541877669822308,0.0050875886409152225,0.003961152724132595,0.007429588047358126,0.004760224155186953,0.0047902551297458905,0.00602023121765958,0.00033164080130458976,0.007252175799150848,0.0027711667256886847,0.006918286813089631,0.004871305217283939,0.005876182063453482,0.001879125335333039,0.0013678131976226696,0.003960219212993005,0.005160518784103884,0.004750851167292668,0.0003422989674306502,0.0036998078344019293,0.004136584823092631,0.005259618697048906,0.0006382327832384153
0.0012289891391697734,0.007506855549336244,0.00957041531203893,0.007593042992844282,0.004402610190074873,0.01144629643356384,0.0020884304753342985,0.01121383722883504,0.004627832895864865,0.0004055593437860698,0.004043826333802603,0.011006543719572262,0.005231350141413215,0.002237112782251871,0.010534974126605546,0.0005141808638301162,0.0014490944953152655,0.0025093811306415113,0.0038555614040775366,0.001039778659361284,0.006146209055197269,0.0068054335292519275,0.00021526488882451275,0.002194474148862215,0.0024808368124155564
0.007221958693711874,0.0066738161149181695,0.001876112184220266,0.004987957679873113,0.0015311144478256423,0.0067072212495961295,0.0010370492410939236,0.0006099697814774293,0.007326255868177069,0.004057962890367068,0.00210738991757973,0.004140208784121522,0.0073385051567028655,0.0016152220182831932,0.004541428837275757,0.004411813581803373,0.0038018678666529937,0.003572991275075503,0.006134029880179719,0.005326081245548826,0.004471806736631126,0.002623667266973967,7.324729239507487e-05,0.00431538981637812,0.00466311917756326
0.0007883772258364342,0.0033926329415099,0.00969799257753679,0.011899656632405256,0.0016449173936605027,0.004266209681695879,0.010433814367757017,0.01103709720073698,0.00886106128530885,0.003979817517259674,0.0032988327523687114,0.0024341864005705495,0.007597763302296728,0.0063554200113129684,0.001208935180805398,0.0013694928815821035,0.002172720841375377,0.009580129797641937,0.002093462807888573,0.0006892566986337608,0.0034935570274409818,0.0015481176906949955,0.0012955371780957853,0.005112687032214711,0.0016046609312513878
0.00661024073858313,0.004293036614805789,0.005898481334034204,0.0012281017974693999,0.005075263451874878,0.0008906282309210628,0.007978542641075287,0.005390451241018213,0.007240369441802591,0.003933477292305851,0.005887235711624765,0.0023839138541977343,0.005513085448641453,0.0012449259386530316,0.009163025545284365,0.005254007337559353,0.007536505697113253,0.009177046921113386,0.0010722337683515906,0.00835860051387868,9.478641450624131e-05,0.00404861642297312,0.0026207965279663515,0.002287990402982417,0.0005818129185067991
0.0011847804997888172,0.0043314357959653126,0.0054179356820258096,0.0059881548175217455,0.008435758227011248,0.004813233989861947,0.004456447269690221,0.005355214668395631,0.005427379428712247,0.001251489127623592,0.007228323089212203,0.006719482914674848,0.006627160973385783,0.007014134976907606,0.0018753850607436124,0.0022313596943584783,0.007820970655385047,0.0001656803046718445,0.004081806223480416,0.0009770940219021886,0.0063024443252323896,0.004337894250087356,0.00041454226191543433,8.160273597963628e-05,0.007824882492580948
0.005610485835188073,0.004323166497139761,0.005216205186045167,0.0006045542761974213,0.004021535859199235,0.006686085763297835,0.0013938963774330832,0.0017242055021409583,0.004396464553726978,0.004436732041722274,0.0009954422408213434,0.0031450840388561087,0.0052669071339098384,7.00380677527777e-05,0.0023796941757022174,0.006048575908294374,0.0055547552130330215,0.002905821048395719,0.004378786448877303,0.003019236596128574,0.0020991307589066912,0.0036925264642183064,0.0037775089578798173,0.0026349339281886725,0.003917345767251617
0.000361977530330472,0.0030558202261247755,0.0019921811764170997,0.0011710990570722565,0.007036943353138606,0.008881722327123106,0.007294623191391937,0.0050347291389252705,0.0038735941034162428,0.005605305678753373,0.006666391076472004,0.004684500727863116,0.006266603002456126,0.007962427348870156,0.0003322044517515181,0.0031124356655281133,0.006392865991393146,0.0007296348465595094,0.0052683964528413745,0.002732146642366357,0.006077228237733083,0.006148597916874639,0.0006298351811679496,0.007845726477668668,0.006823845348596043
0.007076321059902065,0.0018465142472422025,0.005797801367933507,0.0034123517205373235,0.007530528037771569,0.002660841219821685,0.007586358373083368,0.00549949240198641,0.0014283402602593054,0.0009513043462353972,0.005156583460428139,0.004798055273551555,0.0055772970219371085,5.335219499462176e-05,0.0006307755231897377,0.004212291952853295,0.001956700484974233,0.006187844752578122,0.007047040172693346,0.005244134596450305,0.0030938268266603396,0.005053983430839181,0.00716000034705593,0.0006719215000685418,0.006277382295927649
0.003672021703913646,0.004039601291367006,0.0040022100439581435,0.0072742773163346295,0.006940949995718227,0.004075830276482504,0.00520654604389614,0.00134021843658199,0.0015123081475707902,0.004791223957759519,0.006504535613678793,0.006698385301310701,0.0008099871184440975,0.0017561378318641757,0.006141898543565491,0.0013969862825475637,0.006571039812129728,0.005954010316485273,0.000822679402654543,0.0003594573641906787,0.005155019080537481,0.0010137326004111566,0.0032431325715422394,0.00035021790520948473,0.004232580257917161
0.005890034857836605,0.0013797435627965781,0.00299524970323179,0.001966026278693297,0.007416843489986125,0.003384873314096293,0.0011291529689454764,0.0027929538119774435,0.006688905890802434,0.001103384939374648,0.006218177131148359,0.0033328677668525227,0.004189727232676324,0.007771563770830683,0.0047827017896288565,0.004310974642473607,0.0031298131114852953,0.0010988310968225326,0.00035692029215100574,0.00567333298008067,0.005357059703360186,0.006029033289903663,0.0038618324179560833,0.004615664690049197,0.0009697361896207669
0.0020156229077685803,0.004757633947787904,0.004152851659152267,0.004279958166149713,0.0010049500845556326,0.00219632939838594,0.005802140570765246,0.0036092417766074116,0.006783342255115006,0.006427964202709363,0.0017593316125428327,0.0009486275308527987,0.007071441976347311,0.0002162785046735161,0.0013194783470330846,0.004030630719898876,0.0033799705664755114,0.0033787490852852796,0.005807590576816088,0.0036312492443328986,0.0010268872825655116,0.0052107908087947975,0.006053440773979847,0.003210385045140669,0.005736786649156144
0.0017378139933471772,0.006535067882979967,0.006093847257893748,0.005886119557587204,0.0026282025050742125,0.007875745030623426,0.0066504184534322075,0.002883903534224858,0.0006760955469979667,0.0012990255225832719,0.0008399587301737508,2.6460112292929208e-05,0.0022426709808127175,0.001076590566649755,0.005976141826852007,0.005652412239547077,0.0016797636167952843,0.0017983000904305557,0.00093258402199718,0.0015810228322596833,0.006147275589758594,0.006597493163361969,0.005512156477861565,0.006444282853877352,0.001642835447305729
0.005123720446501564,0.0005402120878681531,0.008428275374320518,0.0027923189650101406,0.0015126802642617691,0.00455733784123875,0.007879256486767064,0.0017815167865701004,0.006397083167946412,0.005856849315147922,0.0034088828509894536,0.00871055886098726,0.00635238349415855,0.0029581688290394007,0.005819710149556493,0.0016097419158746704,0.0077843137710806795,0.0021837210452731524,0.00768516878247152,0.006583919059543427,0.005956892568606899,0.005794025504945101,0.0018148299630720802,0.0008892512654155774,0.0008800223673188273
0.0012320666171190197,0.008360962550045042,0.009136227817443858,0.0010629253982306556,0.008183491446591574,0.0055295371936428025,0.00489222618840993,0.0043949351290142385,0.0075669499261582975,0.007188319190660185,0.002258312964121143,0.0035102173903060257,0.0035627807107370154,0.0025667993544565247,0.005375466383768269,0.002644868095622664,0.0032408483857650342,0.004448864230455345,0.00805466198153842,0.005575975708456899,0.006185829323261146,0.006129948459003395,0.0007489259798464041,8.911532585655821e-05,0.00044262410713305343
0.0031760077634790454,3.549361253556453e-05,0.004527924899033726,0.0025119950998009383,0.00037440591635867277,0.005474335840799935,0.006445078217138306,0.00046656438815802584,0.001760620221685167,0.004907879841011201,0.007559336112485011,0.006749328693544143,6.897072592062003e-05,0.0005465866964657776,0.00535053419954725,0.0017213978250668175,0.007637007122085899,0.005153661416785165,0.004004565360619467,0.004780813712069532,0.006373270595560843,0.0026714621317547524,0.0051250210398162774,0.006714444957331564,0.005284523988747703
0.009669184417596342,0.006985479772117473,0.003646944757209263,0.001180726385885237,0.0019344734739415983,0.0076989767328253704,0.0033563702397538505,0.004164708524323412,0.008414567055175029,0.004553066705900052,0.0014489875048709782,0.002875141305570266,0.006176667390763222,0.005218903441885945,0.005809712809797445,0.0006211078175334299,0.0004104947958578074,0.0052736913245190736,0.00393848277995571,0.006398235073455847,0.0056297212978755,0.00255034694462103,0.004480755591391347,0.0026405175195112827,0.008698265849892119
0.00531073667357094,0.0047870546571741265,0.0025377343839458524,0.0045333481213351255,0.0011787311148083969,0.0029268935926679814,0.0008758772612278152,0.0032706388119981816,0.001687430310413001,0.0034867939949281435,0.003914146807508948,0.0050788634230700645,0.005047212288672803,0.0046018397380680936,0.006159512186200494,0.0008183998412697955,0.0029385839210634367,0.0048536106174443434,0.0023071791785015646,0.002350627339404118,0.006894810467433343,0.00571468880043308,0.007014823979324244,0.0013119497188467616,0.006296577473556732
0.0005843518126133465,0.005382149029918624,0.002860898647540977,0.006527541749951657,0.004770071740942479,0.0022569576286234866,0.006448624292592635,0.006812949730453662,0.006130664054247453,0.0020712058625943397,0.00293163650461291,0.0026556899400061768,0.002371544106049126,0.0013892283352881644,0.00581339198679279,0.0026675899552487956,0.004982290804936274,0.003353626660251153,0.006529475828153618,0.0028890752801488465,0.0043391449619493,0.0039978774977498825,0.0045019149712940765,0.0038004451088088573,0.002571392757196096
0.006139435296470723,0.004288920304614021,0.003951657223620758,0.007156714452461587,0.005748985579406189,0.0046046917754768305,0.005453003800952718,0.00668692895136064,0.005312231733544082,0.006530394642390248,0.002974072822911544,0.00010391686544652975,0.003654190494584509,0.0001522123458847652,0.005508594508455026,0.004417288488199225,0.0015130375003441776,0.005347734858024199,0.003166220353394738,0.0033967583403161443,0.0021669449594613217,0.005261764084302424,0.00043784166204917564,0.004136960116819505,0.005248145796347663
0.008509063428551416,0.003957469205474094,0.0039318191595041066,0.001871445171005816,0.007032320538800221,0.0038316101296717486,0.0028008907790539853,0.004357885187828349,0.005302531710487363,0.0008305040222837052,0.0013940085434875126,0.004541834042213415,0.0034241187376258565,0.006738636518559516,0.005424382579074351,0.007151884623064865,0.0005112641341857852,0.0042419578177675735,0.003875614738924858,0.0053799374330498655,1.0885377631140564e-05,0.006548858980646204,0.006881570782850684,0.0012861110030354284,0.0025255791524954733
0.0086271063116021,0.010008094155679161,0.005782297111346788,2.5318947569758736e-05,0.0016774161337573823,0.0016243561534401995,0.000132743978304497,3.292987562944702e-05,0.0054270820464539255,0.004785679678952958,0.00013895180468538964,0.0069709573546180275,0.011190579256764416,0.009396273038607102,0.011478038412681007,0.002860221264169399,0.002050925994460929,0.002553058179744101,0.003179693676414112,0.0015561274679070352,0.0033969706359176432,0.004175065506349806,0.002620880585912384,0.004082857225461328,0.004548918200103855
0.0012531565417668298,0.0005592184749831886,0.0002001991125932462,0.008756784216287996,0.008104136324411483,0.004435204696500713,0.0003874378060494059,0.006077655022940257,0.006455308504066651,0.003415460392012637,0.0023635317894052906,0.0016196674785276981,0.006519006522369169,0.008096244548654392,0.0007274056893995824,0.004224864948804,0.004168402259660156,0.005972883815488777,0.007116622777399264,0.0033809329462291325,0.004557121647592837,0.0036979857591645723,0.000311083610639714,0.006054238582584375,0.004804755267861483
0.002176758445356228,0.0015478774263026568,0.0006584236866365506,0.007782495661639469,0.005513481177898216,0.00253028564395331,0.006571473486419933,0.001158123608260298,0.008032112766722822,0.004647839763036714,0.004866092099845905,0.006446966603689526,0.0030448163541349563,0.0032745798375918064,0.005908003483997979,3.6348332033640164e-05,0.006354233613957441,0.004994052157854568,0.00034347780763648906,0.003990326128454824,0.005951759368994121,0.005829585181297624,0.004210277305853578,0.0058887819611242185,0.003688228927833382
0.007456109731275287,0.003930973079507603,0.00440924621114104,0.008695501614773912,0.0023934716097312177,0.004546178804524247,0.00789130706350514,0.0018857566021642676,0.001278209549127813,0.007584239346157735,0.001224074965626594,0.002689874130920111,0.005972545517561749,0.005851621800084964,0.008015710365070506,0.004569532473976157,0.0010901519521147637,0.0064711203557130635,0.00021966937859575346,0.000673894204786648,0.006536671895632811,0.004051102954156883,0.007700640033315782,0.00729520984002555,0.0021443301830972954
0.005429744122047808,0.0028036946719181576,0.00012148245801671669,3.392471617499644e-05,0.0013101791457981946,0.004360161158144646,0.0071527953129248475,0.00459815675236594,0.0035044205438456853,0.0014623202632569568,0.0062790284549336045,0.00438592804955121,0.007076498723926477,0.006036203464618726,0.004972124242899074,0.0018891416486917954,0.004342837003745062,0.0054841840141470945,0.0037821111126169144,0.0022133997098378634,0.0066456697288283925,0.005182705651614032,0.005369700438362062,0.004093462283602835,0.003228462259161204
0.010908690485295565,0.007570831048598997,0.012071935277579483,0.004042876174844266,0.003914278177755757,0.005286436235402867,0.00020596524411431992,0.009571680953458558,0.0015682757934150926,0.004618896216408139,0.0020274068855590703,0.0004552108104060681,0.005696280653144899,0.002331473575470802,0.0009103115450843223,0.0042419727285215305,5.8156784305153534e-05,0.006697841505477033,0.005942856274516407,0.0018538844211478094,0.004694346954471114,0.00013514702920043183,0.00772402721903858,0.0034275620114438007,0.0030070663579620993
0.008079612627873012,0.006984430009586524,0.003257830780131118,0.005300196559056978,0.0036132760895438215,0.0035066429138941864,0.0012589154669274858,0.010739717468255156,0.0027833572220636216,0.0016032090834498412,0.00546083439730994,0.007207695189162063,0.001538742894284563,0.007024983018491691,0.005731871033209409,0.003942468131486896,0.0076865263285895115,0.006343550488283826,0.002681297739286637,0.0033163057125195766,0.004459164412987905,0.0009001223035691979,0.001922240954792461,0.009731576116966439,0.0049712527029855845
0.002788979198013182,0.00717995570035859,0.0010090552571514542,0.0047787015099608554,0.006212757428346073,0.008907089067943179,0.0010172919484134854,0.000550338627263526,0.004528932322896547,0.009789418984877011,0.008774302772715167,0.009243605999207061,0.004185486460613357,0.0011063311254043422,0.0008344366139702313,0.001416231957008849,0.007983282124481447,0.006844913581422799,0.004808310035736373,0.006637372722426446,0.0018482091618024221,0.007635022495504895,0.006111145433352321,0.00728988226734044,0.008565835294028792
0.0037817920732430726,0.00443942828734949,0.00043585237054549297,0.0016953205216725586,0.002599613365956792,0.0019465788648980718,0.0011876576207251555,0.007156560245746846,0.0015690751159283464,0.0019505932297049391,0.0012022083999149126,0.007924246709904206,0.0016069930445188152,0.009334563231147373,0.00018098574412703648,0.0011293517090228235,0.008809796299720453,0.005233807379526807,0.0035328611158243783,0.0024044197880905382,0.0026813870246828572,0.0020273700156686367,0.007951920371174884,0.009012977731831708,0.005327814984873813
0.005778936856441576,0.0078506915360238,0.006804242850304276,0.004798304134804508,0.009042569608855364,0.002692576696528789,0.0008764062127196447,0.005308285486648483,0.0006096105506110044,0.0034268309009166287,0.00268835336776144,0.003246759998880055,0.0036707602686610477,0.0018103602816395873,0.003729601056726922,0.0019314853155865364,0.008573356421751149,0.002696214687684099,0.007848149601899428,0.0056958250494574415,0.007759588370851191,0.0022475362738601013,0.00708889989067362,0.004731351210510217,0.00307237051613899
0.0051673920687586115,0.004841174718347039,0.006942325264272734,0.000562899847851065,0.0028963573207883447,0.006334799105629918,0.004554951032363371,0.006574954451151884,0.005686181633426628,0.0037453970151087547,0.002579196582726889,0.0011774166494467261,0.007897663323269993,0.0013125457844918788,0.004833704431795195,0.0026185158350124672,0.0011194297359030441,0.002138837526976599,0.0043826471125598745,0.004485403535236124,0.0061896614289096595,0.00242348362300169,0.007261517582142801,0.0027181113058108294,0.00498892585366479
0.006647449403600731,0.007508153742061941,0.007250721699417134,0.008734034217014247,0.007341538787351082,0.0074450212492239995,0.006664483858608056,0.00018519377642573515,0.002503374669111286,0.005863676404845486,0.00011229819517759432,0.005666633331141042,0.000324021671916263,0.008008270535463574,0.007422916452785926,0.008652918686267507,0.002743307443569797,0.009380123442713472,0.00018980915141600445,0.010068478240798349,0.006390397857188857,0.010391515176536276,0.0011960728856404094,0.0012930888709861946,0.0006560886801498386
0.0001836670079488054,0.0003048293169897722,0.005275445281429515,0.008758324925998854,0.0027916352178227275,0.0041155592853524174,0.0072868566713221,0.0035124353097380294,0.0011109504197910323,0.004067439490867274,0.002454168115900142,0.006607847891818615,0.0016796691954238962,0.006542735956019216,0.0050250448083247,0.0057558607763920095,0.002263074794339271,0.005121213550824189,0.0025311766494127783,0.004148282082833721,0.0049349534985977635,0.0021877766610796487,0.006569145088771691,0.005937216748056395,0.0007509505594980484
0.002315450602949176,0.0027673515149700557,0.0051666633167824745,0.0026257932797384195,0.0015600066826002548,0.004191602984117978,0.0016483115731571606,0.0007419913114984713,0.0029255903592660506,0.0023014981552640173,0.006752449293797925,0.006341045874404534,0.002460214867647692,0.006791087217183477,0.005433204340959814,0.0010557269082423096,0.002118058450030859,0.005946558385493248,0.004933239056130304,0.005258786003269217,0.0031856387664760876,0.002552093901849083,0.0008162702718005886,0.0047830782874033,0.006561091124570853
0.008039459391627337,0.0018968930077596714,0.004534495327278688,0.007799870740531033,0.0010109826588477228,0.004197420453210077,0.0018346508515589151,0.0047437486767910155,0.0006202695998551597,0.006257114185366577,0.006631057265543628,0.005914434147525847,0.0019614628949483613,0.004655953389488097,0.006016351955783534,0.007676344342593043,0.001629013229612342,0.005072869274908334,0.003790744850549752,0.0032248854249566105,0.005397127392728392,0.0030699852603509534,0.0017674163790342154,0.004305927314828025,0.006064527908997815
0.0037278067246784407,0.0006101405804193862,0.0034967515576533794,0.005700543138863971,0.0016089397855409662,0.004545621297161791,0.0039050717239301033,0.004013005514610292,0.007178576963118832,0.0009014460242641515,0.004459971322693393,0.00011344212254635984,0.00658824750518002,0.006098823625126941,0.004226272107841585,0.007614503902037606,0.002071185953114465,0.0008433985628917412,0.00341794968459836,0.006763851068596723,0.005273270145125908,0.006784297565454637,0.003065952558618885,0.0004521630010563192,0.0010141623563250004
0.0052664482460747265,0.006459471009353486,0.006348652062142342,0.005036000875241269,0.004062976689429668,0.0011096628443420257,0.003925764152973062,0.004100647994119783,0.006986264396843075,0.004519091184147899,0.001222659015777029,0.004120649299769396,0.003660139344629877,0.0030355432328508358,0.003289626956582287,0.004199838700799454,0.007275202839690342,0.0019700358651913424,0.0032124665677829593,0.0065069087374064975,0.004774683661171287,0.003752240240092002,0.0028636219059037906,0.0014418359679090238,0.0005184555656556271
0.002792758669867074,0.0028429859050029148,0.0036601670644760957,0.007862153046794721,0.003591513740679335,0.004712129138425198,0.0046445593164788695,0.004869267595913358,0.006244251943100094,0.003165437356128319,0.0007677222917666182,0.007243810555055816,0.0010017710868152707,0.003282329903670936,0.007257200465900274,0.00748554177085051,0.002434043121214187,0.004178427367952238,0.002538629525911431,0.0018400532701868923,0.002758385088957935,0.006882641845833017,0.007343883557593004,0.0025577013979457956,0.007006038002526322
3.098034952097059e-05,0.005842447611188202,0.002526797891648778,0.0035147131372129494,0.0012204144899548913,0.00027818357987648276,0.006172960110753955,0.003084325077181163,0.002914430870277713,0.006447992146347748,0.00026370234081849126,0.005748460336843779,0.0005555157361552223,0.004799986340777409,0.003984359934859446,0.006452078614774614,0.005865680644317429,0.004685623211078027,0.001185033149606493,0.00523615620090182,0.0008559699100070215,0.0063598697842823645,0.0023936702359981343,0.005980028190564782,0.0016979006915659267
0.004923122064319825,0.0019054008520409669,0.000985852769083413,0.006808500262961576,0.007338182618098259,0.003578669595045546,0.0038264755742899526,0.003960814985128892,0.00016542301111269623,0.002177518970908191,0.0018308776104683558,0.006937250286546242,0.0023386914250678103,0.0008039125103801907,0.002881803021186258,0.007650137900186938,0.00019861210624167564,0.003054243335328755,0.006594066223989253,0.004481212352685862,0.006733140720506019,0.0063060818481432464,0.005216191161342638,0.0037937635521168274,0.005352517342588253
0.00244979792304385,0.006518221702575905,0.0016442006223898493,5.964757215870397e-05,0.004556940777190515,0.001237521786626032,0.005881013990285888,0.007876113417718326,0.000537584660725794,0.0004260016784530303,0.006452018014887713,0.007299922712213865,0.007536495093491346,0.003916791356117502,0.00015653134712507246,0.005753355809086855,0.003423678125428981,0.0031484752922389453,0.005850651035326958,0.004151885487742366,0.004868031329443017,0.004233723636094697,0.0009289089990051944,0.005286647325909897,0.0007939063519414526
0.0014336934027330181,0.0045062956123571255,0.0036666373066384502,0.0015155897052911015,0.0032097030123965217,0.007168846923756997,0.005107055508646011,0.005399584315573368,0.0009934444052732145,0.007386438866911665,0.003329671425537737,0.0008215084328382248,0.008822158096557679,0.0016276518798370757,0.0019097341272596609,0.0073380562659433575,0.005285278363002231,0.006326719546922898,0.00928042936589289,0.006109921902174477,0.0013500602951110037,0.000258807276976212,0.0027752328069623384,0.008956842033869601,0.00037654288642006344
0.00649663822805783,0.004045657854588111,0.0017513984949357564,0.0038852464919399005,8.281439413657995e-05,0.0056060304640763335,0.001834596361281556,0.002302345883333547,0.001832300253182467,0.00336482460248348,0.006341953260663387,0.0033649920553868308,0.0015998469046992515,0.006496488025310924,0.00444065019358258,0.004256133387061666,0.003302141130846751,0.004477976192475977,0.003207644341726682,0.0045115883164374105,0.006503049966034481,0.006206161014028,0.0033693856388787836,0.0056052991435805565,0.006602612251013702
0.0033225883886275225,0.003519706390200105,0.003894204907200872,0.01023664049633782,0.0008866355702273911,0.001113654241986262,0.002202604506987214,0.0008769679586257349,0.0006297913236711965,0.006890844443830197,0.004704259442328168,0.007620809894771317,0.0070449830337024925,0.003687203354250589,0.0037433333555551168,0.006564536114896234,0.003800120666997436,0.00309479182280848,0.003016828686809789,0.0005442494545585834,0.008838106338266889,0.002940773644739888,0.005097891568210189,0.008365694420989209,0.004004158233808711
0.004308952163361828,0.004707930026873546,0.007007655295626847,0.00011492730190358182,0.002593243381449237,0.0026369979878878977,0.002696081195288949,0.0052490588175274355,0.0062669978663355925,0.000525334353493334,0.005282631699370982,0.0050772795771696026,0.006437120145426656,0.006158770866675848,0.0029459911124120474,0.0014537455595695387,0.006617696180626188,0.00020304925672476592,0.0069447329045041585,0.003825318759010699,0.00529406687458783,0.003508195469578535,0.003770318656779809,0.00329278767671511,0.005493492432132062
0.0006212416757525734,0.004333382843853346,0.0005139536805121612,0.002628626818796385,0.0039510587352243375,0.006436178048506976,0.006372800403053989,0.0027426980273502913,0.003805378551344923,0.00422341667214692,0.0016507946147956995,0.0030313133054309964,0.0007384512178730465,0.005234501807945336,0.006498886404168999,0.005172483536366888,0.0005719959896511062,1.152987161465109e-05,0.004745402736152515,0.004383573300862428,0.0015021357630178955,0.005534360366628201,0.005187158513604941,0.005477429192037987,0.004216967279633086
0.004064346767792149,0.006891307615482655,0.005536510142987168,0.003102329738413197,0.0060168010948763685,0.0045962423448433765,0.003628785026401367,0.003033520596475214,0.008057537445554883,0.004129584529916845,0.0016500871995886678,0.006545730339496965,0.0024505486443971098,0.007540017940428875,0.004296129429045507,0.0022810800155299363,0.0016404855276512845,0.0035624557448892223,0.007406950091883472,0.003975700891384834,0.0024465209753320844,0.001211315835101797,0.004086358763690253,0.006818654956467791,0.005033516200660175
0.004677563143268542,0.009269505340531763,0.001577499917070081,0.006392106004645314,0.0033935126654975716,0.003386937842577496,0.009558320949909358,0.002528137257479866,0.00040904242024311833,0.00617429318480451,0.009116345226543705,0.0009722473628233177,0.0037856372086192474,0.004341514740477542,0.005639308975847075,0.010376946991376701,0.004955385290935967,0.008878498186833006,0.005227367719804054,0.0026886918531959644,0.003511651465428662,0.00902239723704319,0.00040681599598827887,0.0015752407982306256,0.0002666532021791171
0.008489729677988184,0.005896730042891345,0.01003799162532803,0.0004010095249207013,0.01012588867057734,0.005028985600765317,0.003392701886673894,0.00039567590220429143,0.007698455449756455,0.0006336964031772176,0.00988378259058106,0.008910195442139146,0.006175469869093254,0.001564757380567425,0.006352349522503818,0.007432926782680448,0.008450613402149173,0.004237889706360737,0.00405162811285097,0.0007723035634317528,0.0015541367189653749,0.00023119184876450868,0.0021622027286713223,0.003575591798214349,0.009444858474065456
0.0001386654057780717,0.0037649792448757255,4.315006369758577e-05,0.008429573390443557,0.0023916024019972463,0.0071376971924770076,0.007956463779797229,0.0006585276827523514,0.002522300752075681,0.005446362641984119,0.001012320753016579,0.0066180465443037365,0.000829971140315023,0.008640838003970471,0.003514869153229561,0.003540054695009089,0.006299448133419994,0.004556818908614339,0.005523799446334166,0.0032958130380017765,0.004907643176084875,0.004304246208922331,0.006752715604025347,0.003961670715017457,0.0009984810833758456
0.006508563282729501,0.007059064235723674,0.001370657907620215,0.004784948399396545,0.008113909357364486,0.004774605398007936,0.007064114824737834,0.010877461164938599,0.009819150344113079,0.004902940334055049,0.0019977221319228008,0.004373589244165695,0.0026130578062058046,0.0012597204633057444,0.004964624652656733,0.004400677979177832,3.769925029677035e-05,0.0033420666291888394,0.0027660943048694103,0.0017560879349516664,0.007645414185030795,0.009781315638271377,0.0030833808029009434,0.002104499937258798,0.005382433185769306
0.00763340864685584,0.0011649998425789477,0.001281807662938868,0.0029360225645665506,0.005851296397501651,0.008121662520967764,0.001739734943003796,0.0023326738548328156,0.0010294801864959857,0.00550799798756198,0.004141889783434636,0.005682763374300601,0.003028592189287003,0.004217760985439668,0.0057210883344461765,0.006979652834514859,0.004053599259749983,0.002744987114859835,0.00016114014617965198,0.006572600739914497,0.003946062162314445,0.006275784561505793,0.00576526406386065,0.005913481917951125,0.005939682774127024
0.007820073719427532,0.005328274125040537,0.0029539551180931926,0.006260662789849448,0.0029054674916792044,0.004025575819005395,0.00402007536296973,0.0038987279607799203,0.0009755798672637229,0.0035234839562327106,0.007859321151762527,0.0032113763567981975,0.005914285418082742,0.0014711781954536833,0.005366778891658679,0.003509371797388177,0.006817915542334202,0.006032906262071591,0.00025080169737650923,0.005993751426679704,0.0029238615009298924,0.0006074909075240486,0.005508680463488726,0.004151419789779732,0.003957993809186743
0.00163448397212126,0.005286335181290205,0.002118313540945663,0.002803431197036726,0.000993732191103017,0.002431080860619822,0.0033474404651203976,0.005209329571360165,0.003703203176470894,0.005692855335770817,0.0014408245499517634,0.0016810432907678095,0.005540436979344904,0.005115985401457959,0.0022764222355481332,0.0027562777773837512,0.0028218131954014275,0.003307118749300114,0.004857221368346787,0.005505079210373951,0.005643069594656677,0.0034520057757739526,0.0028329982034996024,0.005911909294853605,0.005890640077777806
0.0016061837659633782,0.003885550879562537,0.008576866112364983,0.005275687202061829,0.005213945380768664,0.0015062193790680645,0.0029803391264550416,0.009960551803988985,0.0060397276029821425,0.008708234583193374,0.007390008772225809,0.004086093510010068,0.005770275574086132,0.004157271732773763,0.004414839784077704,0.004430428196496527,0.005191627129269999,0.007990170838281909,2.8260105874340325e-05,0.003093883684869982,0.007714011809787283,0.0010595410104664612,0.0011742591611985467,0.0017014769994172934,0.007926045517063779
0.0027900558392733492,0.00581848776640233,0.0016456274512681379,0.00906464533132976,0.006951704160069244,0.0049869406281673806,0.00677010784165453,0.0031099319390071006,0.0002391829066310287,0.009036572905337348,7.684742591692527e-05,0.001241533010209071,0.0038806230065539403,0.0010932673197045085,0.0003685534081797886,0.003888460294394328,0.003525086074420082,0.0012693368137053312,0.0070942980258548735,0.006619379145264104,0.00021590546905210322,0.004366428501131079,0.001147990150491205,0.008180640381570617,5.056129545604021e-05
0.001873230253881365,0.007169559404780683,0.002339127226951182,0.0015630635216518298,0.006221803707483992,0.0013893940023629763,0.007396241102061556,0.0015406665088474516,0.006167580738108453,0.00514118489857382,0.00819230279301317,0.0003723883892205101,0.0027619598985118812,0.0007271272016608803,0.00811740823468059,0.005708432398376617,0.005643247342223109,0.0034560580362109484,0.0019167740769956523,0.005397101308543457,0.0015242178508790335,0.006622139171592343,0.006206263684351835,0.0024491902723390783,0.004017678006204075
0.007166970527019579,0.001625796508514375,0.00615212689695694,0.007541812420521967,0.007635606056289778,0.0023184219260436434,0.0057609602809488665,0.007677556148325772,0.007327838105177672,0.0027803079379726744,0.0013421419100082088,0.0016465373603470053,0.001553904260014441,3.155818566199353e-05,0.003107455573811933,0.0006586921912569946,0.0041956825818805586,0.006358848215719714,0.0016302527654558053,0.0004308644635989759,0.006515188410730423,0.00588381098631055,0.0013630460966656268,0.0037286785297061744,0.006039577173987666
0.00266613644141522,0.007145226258204166,0.008944171796432624,0.002429777382002734,0.003958276880809456,0.0003016238540164724,0.0015750847143967419,0.000891834016138379,0.008918675705225471,0.007366903436547873,0.0065830847302665784,0.006870735218048796,0.0010120915211259676,0.0010209396871830618,0.0043258274699682145,0.006546933839649099,0.006108415443040981,0.0015206485527765369,0.003631272907462272,0.0037719010112554326,0.0002767214941968843,0.0057854788595834315,0.005521763950332283,0.004821744505231403,0.00504903829087522
0.008329488632035358,0.001922561057487359,0.0008235912246280295,0.0008674112585434243,0.0055225737090456965,0.001367143080361783,0.00862421702958705,0.0066417436177138856,0.0017362286614981367,0.0008256983330845431,0.00151500666053197,0.0029645045670951223,0.00215721163238104,0.00022930921340815437,0.003367895030655026,0.007847360611238597,0.004244799113105426,0.003709473551074783,0.0025852031199909693,0.004360361076901645,0.002065627335397454,0.005747518333340419,0.0019999196495765243,0.0016099085039074808,0.007182269500945033
0.008409349265175625,0.0005374283855100351,0.003798613942959168,0.007455838419706713,0.007758835704488083,0.002982076440752919,0.000688338696232378,0.0026221913483206677,0.002387561595121208,0.0027504679329268043,0.0008827737265120195,0.005120538739692222,0.008317969701909294,0.00433352548202758,0.004855534806745478,0.008092884336766748,0.005342836043362358,0.0062958052994821715,0.006105406808246678,0.006669104787658634,0.00036661794535646863,0.0016566904730294298,0.0053987014871861175,0.0022501209748301775,0.0030447458683346943
0.00038649981328176664,0.00795250833956485,0.006726833063088715,0.0009829866546363258,0.0042285135668001924,0.008572288236278041,0.0015226726920267576,0.00381270422378211,0.0067479730551824975,0.002550064228041947,0.0032178275563277004,0.0030083466773174567,0.005155457947370159,0.003181496206468648,0.0013158044974063362,0.004777817568008972,0.0027189768074898767,0.0012523055332056498,0.005092709893625366,0.0056431828164653355,0.0007420844062780619,0.004141085665728302,0.008007481732814849,0.005622537301196954,0.002470874965825593
0.0034443269699160005,0.006915477366114926,0.0015190571528379342,0.003936263643591095,0.004584089010224156,0.006971237089404158,9.462092441427215e-05,0.008676200092946326,0.0013583539779679855,0.008400205001502733,0.00637834866716419,0.00629057587523296,0.006469746725033539,0.004962065104586038,0.0012697161028683234,0.00014820824352561974,0.004151024359981178,0.005456866430548473,0.007581951379217227,0.0051912852646750765,0.0003323273650323584,0.0013066628811346103,0.008043771599220234,0.005809781700118714,0.0036483793728147355
0.0014061952716290964,0.005594310015626239,0.006247451140309653,0.006338640406552057,0.008305530018489259,0.0013553526582541808,0.003569758797054796,0.008311523024498285,0.00607462263888122,0.0022249653326693853,0.008399083485586777,0.0018212359166294742,0.008584155937966307,0.007622385648212014,0.001035204764750845,0.004134198938850653,0.007094714505913925,0.007178893134842779,0.00599088595372513,0.007684680675965404,0.0010980471235016035,0.006509898165912797,0.006000968692798287,0.00265298600724521,0.0052185884991621375
0.00016578046250326073,0.0019866825821994597,0.004898217664634516,0.0011921178608611603,0.006568623141274944,0.00020174561373799234,0.006851070090571828,0.004219072117341368,0.0003372849701094493,0.0019375628962544007,0.0051502452075571,0.007968356494172464,0.006800629965375857,0.0054078182780770215,0.0025020961568924176,0.00846001814673646,0.005892830172456023,6.0552587818283515e-05,0.003974470254237037,0.007321284324689148,0.005253593662308562,0.00018170814096244936,0.006706625883370273,0.006410134781041222,0.004444524121183716
0.002249258440621894,0.006749962380827725,0.008530007179561613,0.006134243191742931,0.0006984263747323649,0.002018357349055671,0.0043885385184234274,0.0037405708629424765,0.0006761352909605291,0.001508536741241976,0.006156203684063587,0.0009655847196073212,0.00392053996931341,0.002264262855728365,0.005262819153435867,0.002052679064354928,0.004848351491838203,0.00639007379191087,0.003834413610799917,0.006100221673341416,0.006208996027911924,0.0001935358909161604,0.007184774422587465,0.008036237781945682,0.0055622097956935885
0.0027987658677843343,0.0028152041972272046,0.0004830413625437801,0.003103896162385838,9.499893491527625e-05,0.004557549287938111,0.004052022294096452,0.003241768492874065,0.0065432127535187375,0.007958981779136974,0.0072707109542324115,0.007092115226991979,0.0077526835825169555,0.005284963937647993,0.0050761142569967525,0.003500525292984472,0.0019209197981291599,0.0036828236641467727,0.002455328014496505,0.003385570945292582,0.00018672263915643734,0.005978197593545569,0.004528199683691227,0.0027188162949862674,0.007630601007715683
0.006454055890951642,0.003083438364642012,0.0069696954616305165,0.00033077633236585074,0.000576943792988369,1.0230373352152611e-06,0.006772592192294951,0.008015543563662662,0.0038587382374385268,0.0002373710165350967,0.006325668451915711,0.007404853692990012,0.0018291226586547515,0.00356251235495686,0.0022865764025407683,0.006543868338620488,0.004704378254971333,0.003909638004622503,0.0059314911936042625,6.439884582879744e-05,0.006744201437893715,0.0023124283570718713,0.002123230012702597,0.0065433016860522025,0.004466513690908392
0.0005961061471238134,0.002068046126266719,0.007348351603289934,0.002699341112981004,0.005002005652636712,0.007636054558250396,0.002466849904854231,0.006601215437979602,0.006207331187762426,0.0031651730046603536,0.007527139130481581,0.0054581971056806245,0.0016230204111144597,0.0030110175292882503,0.0071092972355258485,0.006160548159327087,0.0015433586693625104,0.006105334625491687,0.0015267644367316484,0.001001019411195301,0.005686037217188334,0.0005848282971666535,0.006230399711327629,0.006075567595295804,0.0033571882386721724
0.0016382479077496957,0.006571078180216165,0.0015351032513021693,0.0012595458960005497,0.0010287594488262379,0.004395110419321085,0.0013998699291745086,0.0014789410666105716,0.0011590235457072883,0.0018724845617978853,0.0028845389467580815,0.004606062340457327,0.00495258156086221,0.005925245735816184,0.005566640941244859,0.0053422302350932226,0.005362939403312797,0.0011801171382899375,0.005551737052143971,0.00539527770487286,0.002836562264437063,0.001533787348588148,0.005998431308305494,0.004522996614060539,0.0019054785340761585
0.0011151340569244305,0.0043392935338633885,0.0031753537318385196,0.006019240980788007,0.006565309676696933,0.00510380572455535,0.007178816734168763,0.0009502222684418637,0.005681293596146919,0.0008808837172299898,0.006556594943377413,0.0010147527163522122,0.0039417908809641885,0.006470028261497149,0.00343353408213646,0.0006823914706415505,0.0008388117780338524,0.0030010203853672226,0.003972829207002657,0.004970351238318091,0.00668371328857168,0.0030945403804471415,0.0030775303601286576,0.00019995119419522614,0.007148390123862198
0.005430220759220279,0.00018245489279721303,0.007522025734785119,0.0015811030269683305,0.0016538367650137619,0.0035003712472504007,0.005429871060276599,0.007788681382728234,0.005500874260158679,0.00234687586281126,0.0027855528470343695,0.006673649903763063,0.006883274927530581,0.005496155220850914,0.0039681159988822125,0.005979394311615072,0.005318864006617982,0.0034735751597510904,0.003038743986842237,0.0030324140158024464,0.004174826238575791,0.007751238664981669,0.006626338829436747,0.005677893659450298,0.004303076641068022
0.010706080252165089,0.010558555986379949,0.0047473304127919344,0.0025155178832698562,0.009876459631434787,0.011360872594327621,0.010216406523644868,0.0016125013178871438,0.004519649976074708,0.001985794154285255,0.005537692036753243,0.0026892140035702536,0.00030332937502557713,0.007400827224848462,0.0017384909277961377,0.003975223478867754,0.0009361327960574733,0.0011616196335622541,0.009165497563179541,0.008707472985095853,0.0027916195477998857,0.0005305294846273632,0.008213977715667014,0.0038727721099861617,0.0018777064284834406
0.007633893016915724,0.005386384739585779,0.005835285741557601,0.0055108724703718205,0.004234734400338615,0.0030708668638938594,0.0008364731812988799,0.006745522944252687,0.00108949208991627,0.006974528859405782,0.006687490437273757,0.004649001425607629,0.0016441329332257159,0.004920514932190141,0.002739415398644954,0.006396581689339303,0.0024782401293148917,0.004639503435788365,0.005625006893277772,0.0025707780894039522,0.0014156857520265743,0.0005298245277714385,0.0069370078907728975,0.005948996135623653,0.004830503847102386
0.001916317958665233,0.004366548674750967,0.005009395748383516,0.0031234515448143405,0.010286473449243506,0.010625697733190534,0.0011582461108619409,0.001519332988247591,0.0009339207086973656,0.00911653070872886,0.009590740873008603,0.0010326336203025448,0.0011187685932542307,0.006958036958070769,0.0064060544571569395,0.0020678209868407633,0.00811227995662072,0.005974651336167624,0.001910043585915142,0.007210347620076257,0.003340950127121741,0.002649533647850326,0.0005170415348738431,0.001499270126733266,0.004342627386620698
0.00632068158395591,0.005320677053810332,0.008177727653039599,0.008310199053918412,0.0040190748013552114,0.00030686110582314394,0.005845199333834226,0.0011732172856396851,0.0035634557092170008,0.0056267585838972334,0.0025414135812020294,0.0011755563545327035,0.005620719225549803,0.008092353131873386,0.0015025188067576058,0.0031859813566241925,0.0017003785489750729,0.004800823674354237,0.006744724244403464,0.006488233407674211,0.00819891511231162,0.005575023148922233,0.006704225178620135,0.0018346863715816256,0.004017205122485558
0.00020740307114524014,0.009566784594792085,0.0018609544270456846,0.006181897003852223,0.005905566770546511,0.004986634714602868,0.009037529957256662,8.437636741144455e-05,0.009783697756495024,0.008602709318760723,0.0008182774008142495,0.0064903384466403835,0.008044969747479295,0.0017156904003028535,0.01141662933420684,0.008888272673382444,0.0002171155875402097,0.00046656849227405897,0.004972269840701637,0.003983782860708915,0.0023137470757781547,0.0021916127760443368,0.0033583416667233154,0.0009035942749576577,0.00018417949855195655
0.008333345558256279,0.007506824166733584,0.003122036143772334,0.002008209769685408,0.004438329857910696,0.0033203978952497755,0.004382559226689584,0.0027254738244540206,0.006198874431495008,0.006050756505366621,0.002068204240307406,5.1061702292130244e-05,0.002801184794126177,0.004138211129837274,0.0014320158026302605,0.006675348141520908,0.0020536911180035586,2.836356731509511e-05,0.005999329436739378,0.006785785245130646,0.00714960525857485,0.007980975731739481,0.005174489732031921,0.003437275413559636,0.0011580884341743094
0.0019165184232065584,0.0008110954331735335,0.006778474574089114,0.005527558667626044,0.007211464899125704,0.006044964224885275,0.002284477633204791,0.0025478300791747276,0.0051287499644002595,0.007323570685353221,0.00525998492294601,0.0014933807934167057,0.000312277921346236,0.0029159636959339543,0.005976851584546034,0.0020436328962452157,0.006521167520665613,0.0065551404366129135,0.0010529511018414388,0.0006653245330356638,0.0038279728331254413,0.002189113059075348,0.0010761404068303335,0.006510797776438627,0.006020005775371112
0.006930240880129749,0.001293602396625926,0.00011952983626592938,0.0007366929430569657,0.0033279203434091694,0.008145106728716342,0.007149072445183437,0.0004908859747319172,0.00677500828081662,0.007485475091899392,0.006059077800245739,0.007846298955373211,0.005102435414235082,0.0005489283772687045,0.0028934978534283073,0.005985154427523587,0.001522744993002993,0.006764430911191202,0.004508970683016999,0.003107025810793464,0.005181755244444768,0.007322934394874074,0.005514238010893207,0.001547271452214034,0.001601078893645512
